Year,Week,Load 1,Discharge 1,Voyage 1,Line 1,Load 2,Discharge 2,Voyage 2,Line 2,Full/Empty,ContainerType,ContainerSize,Owner,ContractType,Total
2024,52,DK AAR,FO THO,MAL452,Yellow Line,,,,,F,45G1,40.0,CARRIER,PURCHASE_AGREEMENT,1
2024,52,DK AAR,FO THO,MAL452,Yellow Line,,,,,F,45G1,40.0,CARRIER,LONG,1
2024,52,IS REY,NL RTM,LAG452,Yellow Line,,,,,F,22GB,20.0,CARRIER,LONG,3
2024,52,IS REY,NL RTM,LAG452,Yellow Line,,,,,F,45G1,40.0,CARRIER,LONG,1
2024,52,IS REY,NL RTM,LAG452,Yellow Line,,,,,F,45R1,40.0,CARRIER,PURCHASE_AGREEMENT,1
2024,52,IS REY,NL RTM,LAG452,Yellow Line,,,,,F,45G1,40.0,LEASED,MASTER,1
2024,52,IS REY,NL RTM,LAG452,Yellow Line,,,,,F,22GB,20.0,LEASED,PURCHASE,2
2024,52,IS REY,DK AAR,BRU452,Red Line,,,,,F,45R1,40.0,CARRIER,LONG,1
2024,52,IS REY,CA HAL,VIV452,Green Line,,,,,F,45R1,40.0,CARRIER,LONG,1
2024,52,IS REY,DK AAR,LAG452,Yellow Line,,,,,E,22G1,20.0,CARRIER,CABOTAGE,1
2024,52,IS REY,DK AAR,LAG452,Yellow Line,,,,,F,45R1,40.0,CARRIER,PURCHASE_AGREEMENT,1
2024,52,IS REY,DK AAR,LAG452,Yellow Line,,,,,F,45G1,40.0,LEASED,ONEWAY,1
2024,52,IS REY,SE HEL,LAG452,Yellow Line,,,,,F,45G1,40.0,CARRIER,LONG,10
2024,52,IS REY,SE HEL,LAG452,Yellow Line,,,,,F,22R1,20.0,LEASED,PURCHASE,1
2024,52,IS REY,US PWM,VIV452,Green Line,,,,,F,45G1,40.0,CARRIER,CABOTAGE,1
2024,52,IS REY,US PWM,VIV452,Green Line,,,,,F,22K0,20.0,CARRIER,LONG,1
2025,1,DK AAR,FO THO,LAG452,Yellow Line,,,,,F,22G1,20.0,CARRIER,LONG,1
2025,1,DK AAR,FO THO,LAG452,Yellow Line,,,,,F,4EG1,40.0,CARRIER,LONG,1
2025,1,DK AAR,FO THO,LAG452,Yellow Line,,,,,F,45U1,40.0,LEASED,ONEWAY,2
2025,1,DK AAR,IS REY,LAG452,Yellow Line,,,,,E,22G1,20.0,LEASED,ONEWAY,1
2025,1,DK AAR,IS REY,LAG452,Yellow Line,,,,,F,45G1,40.0,CARRIER,LONG,1
2025,1,DK AAR,IS REY,LAG452,Yellow Line,IS REY,US PWM,BAK502,Green Line,F,45G1,40.0,CARRIER,LONG,1
2025,1,DK AAR,IS REY,LAG452,Yellow Line,,,,,F,45R1,40.0,CARRIER,LONG,1
2025,1,DK AAR,IS REY,LAG452,Yellow Line,,,,,F,22K0,20.0,SHIPPER,,1
2025,1,FO THO,DE BRV,BRU452,Red Line,,,,,E,42P3,40.0,CARRIER,LONG,2
2025,1,FO THO,DE BRV,BRU452,Red Line,,,,,E,45G1,40.0,CARRIER,PURCHASE_AGREEMENT,1
2025,1,FO THO,DE BRV,BRU452,Red Line,,,,,E,4EG1,40.0,LEASED,MASTER,1
2025,1,FO THO,DK AAR,BRU452,Red Line,,,,,E,45G1,40.0,LEASED,ONEWAY,1
2025,1,FO THO,DK AAR,BRU452,Red Line,,,,,F,45R1,40.0,LEASED,ONEWAY,7
2025,1,FO THO,GB IMM,SKO501,Yellow Line,,,,,F,LNRB,45.0,CARRIER,PURCHASE_AGREEMENT,1
2025,1,FO THO,IS REY,LAG452,Yellow Line,,,,,F,22G1,20.0,CARRIER,LONG,1
2025,1,FO THO,IS REY,LAG452,Yellow Line,IS REY,CA HAL,BAK502,Green Line,F,45R1,40.0,CARRIER,PURCHASE_AGREEMENT,1
2025,1,IS GRT,IS REY,JOR501,Blue Line,,,,,E,42P3,40.0,CARRIER,CABOTAGE,1
2025,1,IS GRT,IS REY,JOR501,Blue Line,IS REY,US PWM,BAK502,Green Line,F,22G1,20.0,CARRIER,PURCHASE_AGREEMENT,1
2025,1,IS GRT,IS REY,JOR501,Blue Line,IS REY,US PWM,BAK502,Green Line,F,22G1,20.0,CARRIER,CABOTAGE,1
2025,1,IS GRT,IS REY,JOR501,Blue Line,IS REY,SE HEL,DET501,Red Line,F,45P3,40.0,CARRIER,LONG,1
2025,1,IS GRT,IS REY,JOR501,Blue Line,IS REY,GB IMM,LAG502,Yellow Line,F,22G1,20.0,LEASED,MASTER,1
2025,1,IS REY,DE BRV,BRU452,Red Line,,,,,E,45G1,40.0,CARRIER,CABOTAGE,1
2025,1,IS REY,DE BRV,BRU452,Red Line,,,,,E,45G1,40.0,LEASED,ONEWAY,1
2025,1,IS REY,DE BRV,BRU452,Red Line,,,,,E,22G1,20.0,LEASED,ONEWAY,1
2025,1,IS REY,DK AAR,BRU452,Red Line,,,,,E,22G1,20.0,CARRIER,CABOTAGE,1
2025,1,IS REY,DK AAR,BRU452,Red Line,,,,,F,45G1,40.0,CARRIER,LONG,1
2025,1,IS REY,DK AAR,BRU452,Red Line,,,,,F,22G1,20.0,CARRIER,LONG,1
2025,1,IS REY,DK AAR,BRU452,Red Line,,,,,E,22B0,20.0,CARRIER,PURCHASE_AGREEMENT,1
2025,1,IS REY,FO THO,SKO501,Yellow Line,,,,,F,45R1,40.0,CARRIER,PURCHASE_AGREEMENT,1
2025,1,IS REY,FO THO,BRU452,Red Line,,,,,E,45R1,40.0,CARRIER,LONG,2
2025,1,IS REY,FO THO,SKO501,Yellow Line,,,,,E,45R1,40.0,CARRIER,LONG,2
2025,1,IS REY,GB IMM,SKO501,Yellow Line,,,,,F,22K2,20.0,CARRIER,LONG,1
2025,1,IS REY,GB TEE,JOR501,Blue Line,,,,,E,45G1,40.0,CARRIER,LONG,5
2025,1,IS REY,GB TEE,JOR501,Blue Line,,,,,E,4EG1,40.0,CARRIER,PURCHASE_AGREEMENT,1
2025,1,IS REY,GB TEE,JOR501,Blue Line,,,,,E,42P3,40.0,CARRIER,PURCHASE_AGREEMENT,2
2025,1,IS REY,IS RFJ,BRU452,Red Line,,,,,F,45G1,40.0,CARRIER,PURCHASE_AGREEMENT,1
2025,1,IS REY,IS RFJ,BRU452,Red Line,,,,,F,42P3,40.0,CARRIER,LONG,1
2025,1,IS REY,IS VES,SKO501,Yellow Line,,,,,F,42P3,40.0,CARRIER,CABOTAGE,1
2025,1,IS REY,IS VES,SKO501,Yellow Line,,,,,F,45R1,40.0,CARRIER,PURCHASE_AGREEMENT,1
2025,1,IS REY,IS VES,SKO501,Yellow Line,,,,,E,45R1,40.0,CARRIER,LONG,2
2025,1,IS REY,NL RTM,JOR501,Blue Line,,,,,E,22G1,20.0,CARRIER,CABOTAGE,4
2025,1,IS REY,NL RTM,JOR501,Blue Line,,,,,F,45G1,40.0,CARRIER,PURCHASE_AGREEMENT,1
2025,1,IS REY,NL RTM,JOR501,Blue Line,,,,,F,4EG1,40.0,CARRIER,PURCHASE_AGREEMENT,1
2025,1,IS REY,NL RTM,JOR501,Blue Line,,,,,F,22G1,20.0,CARRIER,CABOTAGE,1
2025,1,IS REY,NL RTM,JOR501,Blue Line,,,,,F,45R1,40.0,CARRIER,PURCHASE_AGREEMENT,1
2025,1,IS REY,NL RTM,JOR501,Blue Line,,,,,F,45R1,40.0,CARRIER,LONG,2
2025,1,IS REY,NL RTM,JOR501,Blue Line,,,,,F,22K2,20.0,SHIPPER,,1
2025,1,IS REY,NL RTM,JOR501,Blue Line,,,,,F,22K0,20.0,SHIPPER,,2
2025,1,IS REY,NL RTM,JOR501,Blue Line,,,,,E,45R1,40.0,CARRIER,LONG,3
2025,1,IS REY,NL RTM,JOR501,Blue Line,,,,,E,22GB,20.0,SHIPPER,PURCHASE_AGREEMENT,1
2025,1,IS REY,SE HEL,BRU452,Red Line,,,,,F,45G1,40.0,LEASED,PURCHASE,1
2025,1,IS REY,SE HEL,BRU452,Red Line,,,,,E,42P3,40.0,CARRIER,LONG,2
2025,1,IS REY,SE HEL,BRU452,Red Line,,,,,E,45R1,40.0,CARRIER,PURCHASE_AGREEMENT,1
2025,1,IS REY,SE HEL,BRU452,Red Line,,,,,E,42P3,40.0,CARRIER,PURCHASE_AGREEMENT,1
2025,1,IS RFJ,DE BRV,BRU452,Red Line,,,,,F,LNRB,45.0,CARRIER,PURCHASE_AGREEMENT,1
2025,1,IS RFJ,DE BRV,BRU452,Red Line,,,,,F,LNRB,45.0,CARRIER,LONG,2
2025,1,IS RFJ,DE BRV,BRU452,Red Line,,,,,F,45R1,40.0,CARRIER,LONG,3
2025,1,IS RFJ,DE BRV,BRU452,Red Line,,,,,F,LNRB,45.0,LEASED,PURCHASE,1
2025,1,IS RFJ,FO THO,BRU452,Red Line,FO THO,GB IMM,LAG502,Yellow Line,F,45R1,40.0,CARRIER,PURCHASE_AGREEMENT,2
2025,1,IS VES,DK AAR,SKO501,Yellow Line,,,,,F,45G1,40.0,LEASED,ONEWAY,1
2025,1,IS VES,FO THO,SKO501,Yellow Line,FO THO,DE BRV,BRU452,Red Line,F,45R1,40.0,CARRIER,LONG,1
2025,1,SE HEL,IS REY,LAG452,Yellow Line,,,,,F,42G1,40.0,CARRIER,PURCHASE_AGREEMENT,1
2025,1,SE HEL,IS REY,LAG452,Yellow Line,IS REY,US PWM,BAK502,Green Line,F,45G1,40.0,CARRIER,LONG,1
2025,1,SE HEL,IS REY,LAG452,Yellow Line,,,,,F,4EG1,40.0,CARRIER,LONG,3
2025,1,SE HEL,IS REY,LAG452,Yellow Line,,,,,F,45G1,40.0,LEASED,PURCHASE,1
2025,1,SE HEL,IS REY,LAG452,Yellow Line,,,,,F,42G1,40.0,LEASED,PURCHASE,1
2025,1,US PWM,CA HAL,VIV452,Green Line,,,,,E,42P3,40.0,LEASED,MASTER,1
2025,1,US PWM,IS REY,VIV452,Green Line,,,,,F,22G1,20.0,CARRIER,PURCHASE_AGREEMENT,1
2025,1,US PWM,IS REY,VIV452,Green Line,IS REY,GB IMM,SKO503,Yellow Line,F,45G1,40.0,CARRIER,PURCHASE_AGREEMENT,1
2025,1,US PWM,IS REY,VIV452,Green Line,IS REY,DE BRV,SKO503,Yellow Line,F,45G1,40.0,CARRIER,PURCHASE_AGREEMENT,1
2025,1,US PWM,IS REY,VIV452,Green Line,,,,,F,45G1,40.0,CARRIER,CABOTAGE,3
2025,1,US PWM,IS REY,VIV452,Green Line,,,,,F,22G1,20.0,CARRIER,LONG,1
2025,1,US PWM,IS REY,VIV452,Green Line,IS REY,DK AAR,BRU503,Red Line,F,22G1,20.0,CARRIER,LONG,1
2025,1,US PWM,IS REY,VIV452,Green Line,IS REY,DK AAR,BRU503,Red Line,F,45G1,40.0,LEASED,MASTER,1
2025,2,CA HAL,IS REY,VIV452,Green Line,,,,,F,45P3,40.0,CARRIER,LONG,1
2025,2,CA NWP,IS REY,VIV452,Green Line,IS REY,FO THO,BRU503,Red Line,F,22G1,20.0,LEASED,MASTER,1
2025,2,DE BRV,DK AAR,BRU452,Red Line,,,,,E,45R1,40.0,CARRIER,PURCHASE_AGREEMENT,3
2025,2,DE BRV,IS REY,BRU452,Red Line,,,,,F,45G1,40.0,CARRIER,PURCHASE_AGREEMENT,1
2025,2,DE BRV,IS REY,BRU452,Red Line,,,,,F,45G1,40.0,CARRIER,CABOTAGE,1
2025,2,DE BRV,IS REY,BRU452,Red Line,IS REY,US PWM,VIV503,Green Line,F,45G1,40.0,CARRIER,LONG,1
2025,2,DE BRV,IS REY,BRU452,Red Line,,,,,F,22G1,20.0,CARRIER,LONG,1
2025,2,DE BRV,IS REY,BRU452,Red Line,IS REY,US PWM,VIV503,Green Line,F,45R1,40.0,CARRIER,PURCHASE_AGREEMENT,1
2025,2,DE BRV,IS REY,BRU452,Red Line,IS REY,FO THO,SKO503,Yellow Line,F,45R1,40.0,CARRIER,LONG,1
2025,2,DE BRV,SE HEL,BRU452,Red Line,,,,,E,4EG1,40.0,CARRIER,LONG,3
2025,2,DK AAR,FO THO,SKO501,Yellow Line,,,,,F,42P3,40.0,CARRIER,PURCHASE_AGREEMENT,1
2025,2,DK AAR,FO THO,SKO501,Yellow Line,,,,,F,4EG1,40.0,CARRIER,LONG,1
2025,2,DK AAR,FO THO,SKO501,Yellow Line,,,,,F,45R1,40.0,CARRIER,PURCHASE_AGREEMENT,1
2025,2,DK AAR,FO THO,SKO501,Yellow Line,,,,,F,45R1,40.0,LEASED,MASTER,1
2025,2,DK AAR,IS REY,SKO501,Yellow Line,,,,,F,22G1,20.0,CARRIER,PURCHASE_AGREEMENT,2
2025,2,DK AAR,IS REY,BRU452,Red Line,,,,,F,22G1,20.0,CARRIER,CABOTAGE,3
2025,2,DK AAR,IS REY,BRU452,Red Line,,,,,F,45G1,40.0,CARRIER,LONG,15
2025,2,DK AAR,IS REY,BRU452,Red Line,,,,,F,42P3,40.0,CARRIER,LONG,2
2025,2,DK AAR,IS REY,BRU452,Red Line,,,,,F,4EG1,40.0,CARRIER,LONG,2
2025,2,DK AAR,IS REY,BRU452,Red Line,,,,,F,45P3,40.0,CARRIER,LONG,2
2025,2,DK AAR,IS REY,BRU452,Red Line,IS REY,IS RFJ,BRU503,Red Line,F,4EG1,40.0,CARRIER,LONG,1
2025,2,DK AAR,IS REY,BRU452,Red Line,IS REY,US PWM,VIV503,Green Line,F,45R1,40.0,CARRIER,PURCHASE_AGREEMENT,3
2025,2,DK AAR,IS REY,SKO501,Yellow Line,,,,,F,45G1,40.0,LEASED,ONEWAY,1
2025,2,DK AAR,IS REY,BRU452,Red Line,,,,,F,45R1,40.0,LEASED,ONEWAY,1
2025,2,FO THO,DE BRV,DET501,Red Line,,,,,E,45G1,40.0,CARRIER,CABOTAGE,1
2025,2,FO THO,DE BRV,DET501,Red Line,,,,,E,42P3,40.0,LEASED,MASTER,1
2025,2,FO THO,DK AAR,DET501,Red Line,,,,,F,45G1,40.0,CARRIER,LONG,1
2025,2,FO THO,DK AAR,DET501,Red Line,,,,,F,45U1,40.0,LEASED,ONEWAY,1
2025,2,FO THO,DK AAR,DET501,Red Line,,,,,E,22G1,20.0,LEASED,MASTER,1
2025,2,FO THO,GB IMM,LAG502,Yellow Line,,,,,F,45R1,40.0,CARRIER,PURCHASE_AGREEMENT,1
2025,2,FO THO,GB IMM,LAG502,Yellow Line,,,,,F,LNRB,45.0,CARRIER,LONG,3
2025,2,FO THO,IS REY,SKO501,Yellow Line,,,,,E,22G1,20.0,CARRIER,CABOTAGE,1
2025,2,FO THO,IS REY,SKO501,Yellow Line,IS REY,NL RTM,JOR503,Blue Line,E,22R1,20.0,LEASED,ONEWAY,1
2025,2,FO THO,IS REY,SKO501,Yellow Line,IS REY,NL RTM,JOR503,Blue Line,F,4EG1,40.0,CARRIER,LONG,1
2025,2,FO THO,IS REY,SKO501,Yellow Line,IS REY,US PWM,VIV503,Green Line,F,45R1,40.0,CARRIER,PURCHASE_AGREEMENT,1
2025,2,FO THO,IS REY,SKO501,Yellow Line,,,,,F,45R1,40.0,CARRIER,PURCHASE_AGREEMENT,1
2025,2,FO THO,IS REY,SKO501,Yellow Line,IS REY,US PWM,VIV503,Green Line,F,22G1,20.0,SHIPPER,,1
2025,2,FO THO,IS REY,SKO501,Yellow Line,,,,,F,42P3,40.0,SHIPPER,,1
2025,2,FO THO,NO FRK,LAG502,Yellow Line,,,,,F,45R1,40.0,CARRIER,LONG,1
2025,2,FO THO,NO FRK,LAG502,Yellow Line,,,,,F,22K0,20.0,SHIPPER,,1
2025,2,GB IMM,FO THO,SKO501,Yellow Line,,,,,E,45R1,40.0,CARRIER,PURCHASE_AGREEMENT,1
2025,2,GB IMM,FO THO,SKO501,Yellow Line,,,,,E,LNRB,45.0,CARRIER,LONG,1
2025,2,GB IMM,IS REY,SKO501,Yellow Line,,,,,F,45R1,40.0,CARRIER,PURCHASE_AGREEMENT,1
2025,2,GB IMM,IS REY,SKO501,Yellow Line,IS REY,US PWM,VIV503,Green Line,F,45R1,40.0,CARRIER,LONG,1
2025,2,GB IMM,IS REY,SKO501,Yellow Line,,,,,E,45P3,40.0,CARRIER,PURCHASE_AGREEMENT,1
2025,2,GB TEE,IS REY,JOR501,Blue Line,,,,,F,45G1,40.0,CARRIER,CABOTAGE,1
2025,2,GB TEE,IS REY,JOR501,Blue Line,,,,,F,45G1,40.0,CARRIER,CABOTAGE,1
2025,2,GB TEE,IS REY,JOR501,Blue Line,IS REY,CA HAL,VIV503,Green Line,F,45G1,40.0,CARRIER,LONG,1
2025,2,GB TEE,IS REY,JOR501,Blue Line,,,,,F,45G1,40.0,CARRIER,LONG,1
2025,2,GB TEE,IS REY,JOR501,Blue Line,,,,,F,42P3,40.0,CARRIER,LONG,2
2025,2,IS REY,SE HEL,BRU503,Red Line,,,,,F,45G1,40.0,CARRIER,PURCHASE_AGREEMENT,1
2025,2,IS REY,GB IMM,SKO503,Yellow Line,,,,,F,45R1,40.0,CARRIER,LONG,1
2025,2,IS REY,FO THO,SKO503,Yellow Line,,,,,F,45R1,40.0,CARRIER,LONG,1
2025,2,IS GRT,IS REY,VED502,Blue Line,IS REY,US PWM,VIV503,Green Line,F,22G1,20.0,CARRIER,PURCHASE_AGREEMENT,1
2025,2,IS GRT,IS REY,VED502,Blue Line,IS REY,GB IMM,LAG504,Yellow Line,F,45P3,40.0,CARRIER,LONG,6
2025,2,IS GRT,IS REY,VED502,Blue Line,IS REY,GB IMM,LAG504,Yellow Line,F,42P3,40.0,LEASED,MASTER,1
2025,2,IS GRT,NL RTM,VED502,Blue Line,,,,,F,22GB,20.0,CARRIER,PURCHASE_AGREEMENT,3
2025,2,IS GRT,NL RTM,VED502,Blue Line,,,,,F,22GB,20.0,CARRIER,CABOTAGE,1
2025,2,IS GRT,NL RTM,VED502,Blue Line,,,,,F,42P3,40.0,LEASED,MASTER,1
2025,2,IS GRT,NL RTM,VED502,Blue Line,,,,,F,22G1,20.0,LEASED,MASTER,5
2025,2,IS GRT,NL RTM,VED502,Blue Line,,,,,F,22GB,20.0,LEASED,MASTER,1
2025,2,IS REY,NL RTM,JOR503,Blue Line,,,,,F,22G1,20.0,CARRIER,CABOTAGE,4
2025,2,IS REY,NL RTM,JOR503,Blue Line,,,,,F,22GB,20.0,CARRIER,CABOTAGE,1
2025,2,IS REY,DE BRV,SKO503,Yellow Line,,,,,F,22G1,20.0,LEASED,MASTER,1
2025,2,IS REY,DK AAR,SKO503,Yellow Line,,,,,F,45G1,40.0,LEASED,ONEWAY,1
2025,2,IS REY,DK AAR,SKO503,Yellow Line,,,,,F,45U1,40.0,CARRIER,LONG,2
2025,2,IS REY,GB IMM,SKO503,Yellow Line,,,,,F,45R1,40.0,CARRIER,LONG,1
2025,2,IS REY,CA HAL,BAK502,Green Line,,,,,F,45R1,40.0,CARRIER,LONG,6
2025,2,IS REY,DE BRV,DET501,Red Line,,,,,E,45G1,40.0,LEASED,ONEWAY,1
2025,2,IS REY,DE BRV,DET501,Red Line,,,,,F,45G1,40.0,CARRIER,LONG,2
2025,2,IS REY,DE BRV,DET501,Red Line,,,,,F,45R1,40.0,CARRIER,PURCHASE_AGREEMENT,1
2025,2,IS REY,DK AAR,DET501,Red Line,,,,,E,45U1,40.0,LEASED,ONEWAY,1
2025,2,IS REY,DK AAR,DET501,Red Line,,,,,F,22G1,20.0,CARRIER,LONG,1
2025,2,IS REY,DK AAR,DET501,Red Line,,,,,F,45G1,40.0,CARRIER,LONG,1
2025,2,IS REY,DK AAR,DET501,Red Line,,,,,E,22K0,20.0,CARRIER,LONG,1
2025,2,IS REY,DK AAR,DET501,Red Line,,,,,F,45R1,40.0,LEASED,ONEWAY,4
2025,2,IS REY,FO THO,LAG502,Yellow Line,,,,,F,4EG1,40.0,CARRIER,LONG,1
2025,2,IS REY,FO THO,DET501,Red Line,,,,,E,LNRB,45.0,CARRIER,PURCHASE_AGREEMENT,1
2025,2,IS REY,FO THO,DET501,Red Line,,,,,E,LNRB,45.0,LEASED,PURCHASE,1
2025,2,IS REY,GB IMM,LAG502,Yellow Line,,,,,F,22H5,20.0,CARRIER,PURCHASE_AGREEMENT,1
2025,2,IS REY,GB TEE,VED502,Blue Line,,,,,E,45R1,40.0,CARRIER,LONG,5
2025,2,IS REY,GB TEE,VED502,Blue Line,,,,,E,22G1,20.0,LEASED,MASTER,1
2025,2,IS REY,IS RFJ,DET501,Red Line,,,,,F,45R1,40.0,CARRIER,PURCHASE_AGREEMENT,1
2025,2,IS REY,IS RFJ,DET501,Red Line,,,,,F,25G1,20.0,SHIPPER,,1
2025,2,IS REY,NL RTM,VED502,Blue Line,,,,,E,42G1,40.0,LEASED,ONEWAY,1
2025,2,IS REY,NL RTM,VED502,Blue Line,,,,,F,45G1,40.0,CARRIER,PURCHASE_AGREEMENT,1
2025,2,IS REY,NL RTM,VED502,Blue Line,,,,,F,45G1,40.0,CARRIER,CABOTAGE,2
2025,2,IS REY,NL RTM,VED502,Blue Line,,,,,F,45G1,40.0,LEASED,ONEWAY,1
2025,2,IS REY,NL RTM,VED502,Blue Line,,,,,E,45R1,40.0,CARRIER,PURCHASE_AGREEMENT,8
2025,2,IS REY,NL RTM,VED502,Blue Line,,,,,E,45R1,40.0,CARRIER,LONG,6
2025,2,IS REY,NO FRK,LAG502,Yellow Line,,,,,E,22G1,20.0,CARRIER,LONG,2
2025,2,IS REY,NO FRK,LAG502,Yellow Line,,,,,E,42P3,40.0,CARRIER,LONG,2
2025,2,IS REY,NO FRK,LAG502,Yellow Line,,,,,E,22G1,20.0,LEASED,MASTER,1
2025,2,IS REY,NO FRK,LAG502,Yellow Line,,,,,E,42P3,40.0,LEASED,PURCHASE,1
2025,2,IS REY,SE HEL,DET501,Red Line,,,,,F,45G1,40.0,CARRIER,LONG,21
2025,2,IS REY,SE HEL,DET501,Red Line,,,,,E,4EG1,40.0,LEASED,MASTER,1
2025,2,IS REY,SE HEL,DET501,Red Line,,,,,E,42G1,40.0,LEASED,PURCHASE,2
2025,2,IS REY,US PWM,BAK502,Green Line,,,,,F,45G1,40.0,CARRIER,PURCHASE_AGREEMENT,1
2025,2,IS REY,US PWM,BAK502,Green Line,,,,,F,45G1,40.0,CARRIER,CABOTAGE,1
2025,2,IS REY,US PWM,BAK502,Green Line,,,,,F,45R1,40.0,CARRIER,PURCHASE_AGREEMENT,1
2025,2,IS REY,US PWM,BAK502,Green Line,,,,,F,45R1,40.0,CARRIER,LONG,1
2025,2,IS RFJ,DE BRV,DET501,Red Line,,,,,F,LNRB,45.0,LEASED,PURCHASE,1
2025,2,IS RFJ,DK AAR,DET501,Red Line,,,,,F,45R1,40.0,LEASED,ONEWAY,1
2025,2,IS RFJ,FO THO,DET501,Red Line,FO THO,GB IMM,LAG502,Yellow Line,F,45R1,40.0,CARRIER,PURCHASE_AGREEMENT,1
2025,2,IS RFJ,FO THO,DET501,Red Line,FO THO,IS REY,SKO501,Yellow Line,F,45R1,40.0,CARRIER,PURCHASE_AGREEMENT,2
2025,2,IS RFJ,FO THO,DET501,Red Line,,,,,F,45R1,40.0,CARRIER,LONG,1
2025,2,IS REY,NL RTM,JOR503,Blue Line,,,,,F,45R1,40.0,CARRIER,LONG,1
2025,2,IS VES,FO THO,LAG502,Yellow Line,FO THO,IS REY,SKO501,Yellow Line,E,22G1,20.0,LEASED,ONEWAY,1
2025,2,NL RTM,IS GRT,JOR501,Blue Line,,,,,F,22GB,20.0,CARRIER,LONG,1
2025,2,NL RTM,IS GRT,JOR501,Blue Line,,,,,F,22G1,20.0,LEASED,MASTER,1
2025,2,NL RTM,IS GRT,JOR501,Blue Line,,,,,E,22GB,20.0,CARRIER,LONG,2
2025,2,NL RTM,IS GRT,JOR501,Blue Line,,,,,E,42P3,40.0,LEASED,MASTER,1
2025,2,NL RTM,IS GRT,JOR501,Blue Line,,,,,E,22G1,20.0,LEASED,MASTER,1
2025,2,NL RTM,IS GRT,JOR501,Blue Line,,,,,E,22G1,20.0,LEASED,PURCHASE,1
2025,2,NL RTM,IS REY,JOR501,Blue Line,,,,,F,45P3,40.0,CARRIER,PURCHASE_AGREEMENT,1
2025,2,NL RTM,IS REY,JOR501,Blue Line,IS REY,US PWM,VIV503,Green Line,F,45G1,40.0,CARRIER,LONG,5
2025,2,NL RTM,IS REY,JOR501,Blue Line,IS REY,CA HAL,VIV503,Green Line,F,45R1,40.0,CARRIER,PURCHASE_AGREEMENT,1
2025,2,NL RTM,IS REY,JOR501,Blue Line,,,,,F,45RB,40.0,CARRIER,PURCHASE_AGREEMENT,1
2025,2,NL RTM,IS REY,JOR501,Blue Line,,,,,F,45G1,40.0,LEASED,ONEWAY,5
2025,2,SE HEL,IS REY,BRU452,Red Line,,,,,F,45G1,40.0,CARRIER,PURCHASE_AGREEMENT,2
2025,2,SE HEL,IS REY,BRU452,Red Line,,,,,F,45G1,40.0,CARRIER,LONG,1
2025,2,SE HEL,IS REY,BRU452,Red Line,,,,,F,4EG1,40.0,CARRIER,LONG,1
2025,3,CA HAL,IS REY,BAK502,Green Line,,,,,F,42P3,40.0,CARRIER,LONG,1
2025,3,CA HAL,IS REY,BAK502,Green Line,IS REY,NL RTM,JOR505,Blue Line,F,45R1,40.0,CARRIER,PURCHASE_AGREEMENT,2
2025,3,CA HAL,IS REY,BAK502,Green Line,IS REY,DK AAR,DET504,Red Line,F,45R1,40.0,CARRIER,PURCHASE_AGREEMENT,1
2025,3,CA HAL,IS REY,BAK502,Green Line,IS REY,IS RFJ,DET504,Red Line,F,45R1,40.0,CARRIER,PURCHASE_AGREEMENT,1
2025,3,CA HAL,IS REY,BAK502,Green Line,IS REY,GB IMM,SKO505,Yellow Line,F,45R1,40.0,CARRIER,LONG,1
2025,3,CA HAL,IS REY,BAK502,Green Line,IS REY,DE BRV,DET504,Red Line,F,45R1,40.0,CARRIER,LONG,1
2025,3,CA HAL,IS REY,BAK502,Green Line,IS REY,DK AAR,DET504,Red Line,F,45R1,40.0,CARRIER,LONG,1
2025,3,CA HAL,IS REY,BAK502,Green Line,IS REY,IS RFJ,DET504,Red Line,F,45R1,40.0,CARRIER,LONG,1
2025,3,CA HAL,IS REY,BAK502,Green Line,,,,,E,45R1,40.0,CARRIER,PURCHASE_AGREEMENT,4
2025,3,DE BRV,IS REY,DET501,Red Line,IS REY,US PWM,AVA504,Green Line,F,45G1,40.0,CARRIER,PURCHASE_AGREEMENT,2
2025,3,DE BRV,IS REY,DET501,Red Line,,,,,F,45G1,40.0,CARRIER,PURCHASE_AGREEMENT,2
2025,3,DE BRV,IS REY,DET501,Red Line,IS REY,US PWM,BAK505,Green Line,F,45G1,40.0,CARRIER,PURCHASE_AGREEMENT,1
2025,3,DE BRV,IS REY,DET501,Red Line,IS REY,US PWM,AVA504,Green Line,F,45G1,40.0,CARRIER,CABOTAGE,1
2025,3,DE BRV,IS REY,DET501,Red Line,,,,,F,42P3,40.0,CARRIER,LONG,1
2025,3,DE BRV,IS REY,DET501,Red Line,IS REY,US PWM,BAK505,Green Line,F,42P3,40.0,CARRIER,LONG,1
2025,3,DE BRV,IS REY,DET501,Red Line,IS REY,CA NWP,BAK505,Green Line,F,45U1,40.0,CARRIER,LONG,1
2025,3,DE BRV,IS REY,DET501,Red Line,,,,,F,45R1,40.0,CARRIER,PURCHASE_AGREEMENT,2
2025,3,DE BRV,IS REY,DET501,Red Line,IS REY,US PWM,AVA504,Green Line,F,45R1,40.0,CARRIER,LONG,1
2025,3,DE BRV,IS REY,DET501,Red Line,,,,,F,42P3,40.0,LEASED,MASTER,1
2025,3,DE BRV,IS REY,DET501,Red Line,,,,,F,22G1,20.0,LEASED,ONEWAY,1
2025,3,DK AAR,FO THO,LAG502,Yellow Line,,,,,F,42P3,40.0,CARRIER,PURCHASE_AGREEMENT,1
2025,3,DK AAR,FO THO,LAG502,Yellow Line,,,,,F,LEG2,45.0,CARRIER,LONG,1
2025,3,DK AAR,FO THO,LAG502,Yellow Line,,,,,F,4EG1,40.0,CARRIER,LONG,3
2025,3,DK AAR,FO THO,LAG502,Yellow Line,,,,,F,45G1,40.0,LEASED,MASTER,1
2025,3,DK AAR,FO THO,LAG502,Yellow Line,,,,,F,22K0,20.0,SHIPPER,,1
2025,3,DK AAR,IS REY,LAG502,Yellow Line,IS REY,IS VES,LAG504,Yellow Line,F,45G1,40.0,CARRIER,PURCHASE_AGREEMENT,2
2025,3,DK AAR,IS REY,DET501,Red Line,,,,,F,22G1,20.0,CARRIER,PURCHASE_AGREEMENT,1
2025,3,DK AAR,IS REY,DET501,Red Line,,,,,F,4EG1,40.0,CARRIER,PURCHASE_AGREEMENT,1
2025,3,DK AAR,IS REY,DET501,Red Line,,,,,F,45G1,40.0,CARRIER,CABOTAGE,2
2025,3,DK AAR,IS REY,DET501,Red Line,,,,,F,4EG1,40.0,CARRIER,LONG,5
2025,3,DK AAR,IS REY,LAG502,Yellow Line,,,,,F,45G1,40.0,CARRIER,LONG,1
2025,3,DK AAR,IS REY,DET501,Red Line,IS REY,CA HAL,VIV506,Green Line,F,45R1,40.0,CARRIER,LONG,1
2025,3,DK AAR,IS REY,DET501,Red Line,,,,,F,45G1,40.0,LEASED,ONEWAY,1
2025,3,DK AAR,IS REY,DET501,Red Line,IS REY,FO THO,LAG504,Yellow Line,F,45G1,40.0,LEASED,ONEWAY,1
2025,3,DK AAR,IS REY,DET501,Red Line,,,,,F,42G1,40.0,LEASED,ONEWAY,1
2025,3,DK AAR,IS REY,DET501,Red Line,IS REY,CA HAL,BAK505,Green Line,F,45R1,40.0,LEASED,ONEWAY,1
2025,3,DK AAR,IS REY,DET501,Red Line,,,,,E,22R1,20.0,LEASED,PURCHASE,1
2025,3,FO THO,DK AAR,SKO503,Yellow Line,,,,,F,45R1,40.0,CARRIER,PURCHASE_AGREEMENT,1
2025,3,FO THO,GB IMM,SKO503,Yellow Line,,,,,F,45H5,40.0,CARRIER,PURCHASE_AGREEMENT,1
2025,3,FO THO,GB IMM,SKO503,Yellow Line,,,,,F,45R1,40.0,CARRIER,PURCHASE_AGREEMENT,2
2025,3,FO THO,IS REY,LAG502,Yellow Line,IS REY,US PWM,AVA504,Green Line,F,45R1,40.0,CARRIER,PURCHASE_AGREEMENT,2
2025,3,FO THO,IS REY,LAG502,Yellow Line,IS REY,US PWM,BAK505,Green Line,F,45R1,40.0,CARRIER,PURCHASE_AGREEMENT,1
2025,3,FO THO,IS REY,LAG502,Yellow Line,,,,,F,45R1,40.0,CARRIER,LONG,1
2025,3,FO THO,IS REY,LAG502,Yellow Line,,,,,E,45R1,40.0,CARRIER,LONG,1
2025,3,GB IMM,FO THO,LAG502,Yellow Line,,,,,F,45R1,40.0,CARRIER,LONG,1
2025,3,GB IMM,IS REY,LAG502,Yellow Line,IS REY,CA HAL,AVA504,Green Line,F,45R1,40.0,CARRIER,PURCHASE_AGREEMENT,3
2025,3,GB IMM,IS REY,LAG502,Yellow Line,IS REY,IS VES,LAG504,Yellow Line,F,45R1,40.0,CARRIER,LONG,1
2025,3,GB IMM,IS REY,LAG502,Yellow Line,,,,,E,42P3,40.0,CARRIER,PURCHASE_AGREEMENT,1
2025,3,GB TEE,IS REY,VED502,Blue Line,,,,,F,4EG1,40.0,CARRIER,PURCHASE_AGREEMENT,1
2025,3,GB TEE,IS REY,VED502,Blue Line,,,,,F,45G1,40.0,CARRIER,PURCHASE_AGREEMENT,1
2025,3,GB TEE,IS REY,VED502,Blue Line,IS REY,CA HAL,AVA504,Green Line,F,22G1,20.0,CARRIER,PURCHASE_AGREEMENT,1
2025,3,GB TEE,IS REY,VED502,Blue Line,,,,,F,45G1,40.0,CARRIER,CABOTAGE,1
2025,3,GB TEE,IS REY,VED502,Blue Line,IS REY,US PWM,AVA504,Green Line,F,45G1,40.0,CARRIER,LONG,1
2025,3,GB TEE,IS REY,VED502,Blue Line,,,,,F,22G1,20.0,CARRIER,LONG,1
2025,3,GB TEE,IS REY,VED502,Blue Line,,,,,E,22U1,20.0,CARRIER,LONG,2
2025,3,GB TEE,IS REY,VED502,Blue Line,,,,,E,22G1,20.0,LEASED,MASTER,2
2025,3,IS REY,NO FRK,LAG504,Yellow Line,,,,,F,45G1,40.0,CARRIER,LONG,1
2025,3,IS REY,CA HAL,AVA504,Green Line,,,,,F,45R1,40.0,CARRIER,PURCHASE_AGREEMENT,1
2025,3,IS GRT,IS REY,JOR503,Blue Line,IS REY,US PWM,BAK505,Green Line,F,22G1,20.0,LEASED,MASTER,1
2025,3,IS GRT,NL RTM,JOR503,Blue Line,,,,,F,42P3,40.0,CARRIER,PURCHASE_AGREEMENT,1
2025,3,IS GRT,NL RTM,JOR503,Blue Line,,,,,F,22G1,20.0,CARRIER,CABOTAGE,5
2025,3,IS GRT,NL RTM,JOR503,Blue Line,,,,,F,22GB,20.0,CARRIER,CABOTAGE,1
2025,3,IS GRT,NL RTM,JOR503,Blue Line,,,,,F,42P3,40.0,CARRIER,LONG,6
2025,3,IS GRT,NL RTM,JOR503,Blue Line,,,,,F,22G1,20.0,LEASED,ONEWAY,1
2025,3,IS GRT,NL RTM,JOR503,Blue Line,,,,,F,22GB,20.0,LEASED,PURCHASE,1
2025,3,IS REY,NL RTM,VED504,Blue Line,,,,,F,45G1,40.0,CARRIER,PURCHASE_AGREEMENT,1
2025,3,IS REY,NL RTM,VED504,Blue Line,,,,,F,22G1,20.0,CARRIER,CABOTAGE,4
2025,3,IS REY,NL RTM,VED504,Blue Line,,,,,F,22G1,20.0,LEASED,MASTER,1
2025,3,IS REY,DE BRV,SKO503,Yellow Line,,,,,F,42U1,40.0,CARRIER,LONG,1
2025,3,IS REY,DE BRV,SKO503,Yellow Line,,,,,F,45G1,40.0,CARRIER,LONG,2
2025,3,IS REY,DE BRV,SKO503,Yellow Line,,,,,F,45P3,40.0,CARRIER,LONG,1
2025,3,IS REY,DK AAR,SKO503,Yellow Line,,,,,F,45G1,40.0,CARRIER,PURCHASE_AGREEMENT,1
2025,3,IS REY,DK AAR,SKO503,Yellow Line,,,,,F,45G1,40.0,CARRIER,LONG,1
2025,3,IS REY,DK AAR,SKO503,Yellow Line,,,,,F,22K0,20.0,SHIPPER,,1
2025,3,IS REY,FO THO,SKO503,Yellow Line,,,,,F,45G1,40.0,CARRIER,LONG,1
2025,3,IS REY,GB TEE,JOR503,Blue Line,,,,,E,45G1,40.0,CARRIER,LONG,2
2025,3,IS REY,GB TEE,JOR503,Blue Line,,,,,E,22G1,20.0,CARRIER,LONG,4
2025,3,IS REY,GB TEE,JOR503,Blue Line,,,,,E,45R1,40.0,CARRIER,LONG,8
2025,3,IS REY,GB TEE,JOR503,Blue Line,,,,,E,22G1,20.0,CARRIER,PURCHASE_AGREEMENT,3
2025,3,IS REY,IS GRT,JOR501,Blue Line,,,,,E,42P3,40.0,CARRIER,PURCHASE_AGREEMENT,1
2025,3,IS REY,IS VES,SKO503,Yellow Line,,,,,E,45G1,40.0,LEASED,ONEWAY,1
2025,3,IS REY,IS VES,SKO503,Yellow Line,,,,,E,45R1,40.0,CARRIER,LONG,3
2025,3,IS REY,NL RTM,JOR503,Blue Line,,,,,E,42G1,40.0,CARRIER,CABOTAGE,1
2025,3,IS REY,NL RTM,JOR503,Blue Line,,,,,E,45G1,40.0,CARRIER,CABOTAGE,3
2025,3,IS REY,NL RTM,JOR503,Blue Line,,,,,E,45G1,40.0,LEASED,ONEWAY,8
2025,3,IS REY,NL RTM,JOR503,Blue Line,,,,,E,4EG1,40.0,LEASED,ONEWAY,1
2025,3,IS REY,NL RTM,JOR503,Blue Line,,,,,F,45G1,40.0,CARRIER,PURCHASE_AGREEMENT,1
2025,3,IS REY,NL RTM,JOR503,Blue Line,,,,,F,22G1,20.0,CARRIER,LONG,4
2025,3,IS REY,NL RTM,JOR503,Blue Line,,,,,E,45U1,40.0,CARRIER,LONG,1
2025,3,IS REY,NL RTM,JOR503,Blue Line,,,,,E,45U1,40.0,CARRIER,PURCHASE_AGREEMENT,1
2025,3,IS REY,US PWM,VIV503,Green Line,,,,,F,42G1,40.0,CARRIER,CABOTAGE,1
2025,3,IS REY,US PWM,VIV503,Green Line,,,,,F,22K0,20.0,CARRIER,LONG,1
2025,3,IS REY,DE BRV,BRU503,Red Line,,,,,F,45G1,40.0,CARRIER,LONG,1
2025,3,IS REY,GB IMM,LAG504,Yellow Line,,,,,F,45R1,40.0,CARRIER,LONG,1
2025,3,IS VES,DK AAR,SKO503,Yellow Line,,,,,F,45G1,40.0,LEASED,ONEWAY,1
2025,3,IS VES,GB IMM,SKO503,Yellow Line,,,,,F,45R1,40.0,CARRIER,LONG,1
2025,3,NL RTM,IS GRT,VED502,Blue Line,,,,,E,22GB,20.0,CARRIER,CABOTAGE,1
2025,3,NL RTM,IS GRT,VED502,Blue Line,,,,,F,22G1,20.0,CARRIER,CABOTAGE,1
2025,3,NL RTM,IS GRT,VED502,Blue Line,,,,,F,22G1,20.0,CARRIER,LONG,2
2025,3,NL RTM,IS GRT,VED502,Blue Line,,,,,E,22G1,20.0,CARRIER,LONG,7
2025,3,NL RTM,IS GRT,VED502,Blue Line,,,,,E,22G1,20.0,LEASED,MASTER,1
2025,3,NL RTM,IS REY,VED502,Blue Line,,,,,E,22G1,20.0,CARRIER,CABOTAGE,1
2025,3,NL RTM,IS REY,VED502,Blue Line,,,,,E,45G1,40.0,CARRIER,CABOTAGE,6
2025,3,NL RTM,IS REY,VED502,Blue Line,IS REY,US PWM,AVA504,Green Line,F,45G1,40.0,CARRIER,PURCHASE_AGREEMENT,1
2025,3,NL RTM,IS REY,VED502,Blue Line,,,,,F,45G1,40.0,CARRIER,LONG,12
2025,3,NL RTM,IS REY,VED502,Blue Line,,,,,F,42P3,40.0,CARRIER,LONG,1
2025,3,NL RTM,IS REY,VED502,Blue Line,,,,,F,45G1,40.0,CARRIER,LONG,1
2025,3,NL RTM,IS REY,VED502,Blue Line,IS REY,FO THO,LAG504,Yellow Line,F,45R1,40.0,CARRIER,PURCHASE_AGREEMENT,1
2025,3,NL RTM,IS REY,VED502,Blue Line,,,,,F,4EG1,40.0,LEASED,ONEWAY,1
2025,3,NL RTM,IS REY,VED502,Blue Line,,,,,F,45G1,40.0,LEASED,ONEWAY,1
2025,3,NL RTM,IS REY,VED502,Blue Line,IS REY,US PWM,AVA504,Green Line,F,45G1,40.0,LEASED,PURCHASE,1
2025,3,NL RTM,IS REY,VED502,Blue Line,,,,,E,22GB,20.0,CARRIER,LONG,1
2025,3,NL RTM,IS REY,VED502,Blue Line,,,,,E,22K0,20.0,CARRIER,LONG,1
2025,3,NL RTM,IS REY,VED502,Blue Line,,,,,E,LNRB,45.0,CARRIER,PURCHASE_AGREEMENT,4
2025,3,NL RTM,IS REY,VED502,Blue Line,,,,,E,22G1,20.0,CARRIER,PURCHASE_AGREEMENT,2
2025,3,NL RTM,IS REY,VED502,Blue Line,,,,,E,22G1,20.0,LEASED,MASTER,1
2025,3,NL RTM,IS REY,VED502,Blue Line,,,,,F,22G1,20.0,LEASED,,1
2025,3,NO FRK,FO THO,LAG502,Yellow Line,,,,,F,45G1,40.0,CARRIER,CABOTAGE,1
2025,3,NO FRK,FO THO,LAG502,Yellow Line,,,,,F,45P3,40.0,CARRIER,LONG,1
2025,3,NO FRK,IS REY,LAG502,Yellow Line,IS REY,IS GRT,JOR503,Blue Line,F,45G1,40.0,CARRIER,CABOTAGE,1
2025,3,NO FRK,IS REY,LAG502,Yellow Line,,,,,F,45G1,40.0,CARRIER,CABOTAGE,1
2025,3,NO FRK,IS REY,LAG502,Yellow Line,IS REY,IS VES,LAG504,Yellow Line,F,22G1,20.0,CARRIER,LONG,1
2025,3,NO FRK,IS REY,LAG502,Yellow Line,IS REY,CA NWP,VIV506,Green Line,F,42P3,40.0,CARRIER,LONG,1
2025,3,NO FRK,IS REY,LAG502,Yellow Line,,,,,F,22G1,20.0,CARRIER,LONG,1
2025,3,NO FRK,IS REY,LAG502,Yellow Line,IS REY,NL RTM,VED504,Blue Line,F,22K2,20.0,SHIPPER,,1
2025,3,NO FRK,IS REY,LAG502,Yellow Line,,,,,F,22K0,20.0,SHIPPER,,1
2025,3,NO FRK,IS REY,LAG502,Yellow Line,IS REY,NL RTM,VED504,Blue Line,F,22K0,20.0,SHIPPER,,1
2025,3,SE HEL,IS REY,DET501,Red Line,IS REY,US PWM,AVA504,Green Line,F,45G1,40.0,CARRIER,PURCHASE_AGREEMENT,1
2025,3,SE HEL,IS REY,DET501,Red Line,,,,,F,42G1,40.0,CARRIER,CABOTAGE,1
2025,3,SE HEL,IS REY,DET501,Red Line,,,,,F,4EG1,40.0,CARRIER,LONG,1
2025,3,SE HEL,IS REY,DET501,Red Line,,,,,F,45R1,40.0,CARRIER,LONG,2
2025,3,SE HEL,IS REY,DET501,Red Line,,,,,F,45G1,40.0,LEASED,MASTER,3
2025,3,US PWM,IS REY,BAK502,Green Line,IS REY,GB IMM,SKO505,Yellow Line,F,45G1,40.0,CARRIER,PURCHASE_AGREEMENT,1
2025,3,US PWM,IS REY,BAK502,Green Line,IS REY,GB IMM,LAG506,Yellow Line,F,45G1,40.0,CARRIER,CABOTAGE,1
2025,3,US PWM,IS REY,BAK502,Green Line,,,,,F,22G1,20.0,CARRIER,LONG,1
2025,3,US PWM,IS REY,BAK502,Green Line,IS REY,DE BRV,DET504,Red Line,F,45G1,40.0,CARRIER,LONG,1
2025,3,US PWM,IS REY,BAK502,Green Line,IS REY,NL RTM,JOR505,Blue Line,F,45R1,40.0,CARRIER,LONG,3
2025,3,US PWM,IS REY,BAK502,Green Line,,,,,F,45R1,40.0,CARRIER,LONG,1
2025,3,US PWM,IS REY,BAK502,Green Line,IS REY,GB IMM,SKO505,Yellow Line,F,45R1,40.0,CARRIER,LONG,1
2025,3,US PWM,IS REY,BAK502,Green Line,IS REY,NL RTM,JOR505,Blue Line,F,45G1,40.0,LEASED,MASTER,1
2025,3,US PWM,IS REY,BAK502,Green Line,IS REY,NL RTM,JOR505,Blue Line,F,22K0,20.0,SHIPPER,,1
2025,3,US PWM,IS REY,BAK502,Green Line,,,,,E,45GB,40.0,CARRIER,PURCHASE_AGREEMENT,1
2025,4,CA HAL,CA NWP,VIV503,Green Line,,,,,E,45R1,40.0,CARRIER,PURCHASE_AGREEMENT,1
2025,4,CA HAL,IS REY,VIV503,Green Line,,,,,F,22G1,20.0,CARRIER,CABOTAGE,1
2025,4,CA HAL,IS REY,VIV503,Green Line,,,,,F,45G1,40.0,CARRIER,LONG,1
2025,4,CA HAL,IS REY,VIV503,Green Line,,,,,F,22G1,20.0,CARRIER,LONG,1
2025,4,CA HAL,IS REY,VIV503,Green Line,IS REY,DE BRV,TUK505,Red Line,F,45R1,40.0,CARRIER,PURCHASE_AGREEMENT,1
2025,4,CA HAL,IS REY,VIV503,Green Line,,,,,F,42P3,40.0,LEASED,MASTER,1
2025,4,CA HAL,IS REY,VIV503,Green Line,,,,,E,22G1,20.0,LEASED,MASTER,1
2025,4,DE BRV,FO THO,SKO503,Yellow Line,,,,,F,22G1,20.0,CARRIER,LONG,1
2025,4,DE BRV,IS REY,SKO503,Yellow Line,,,,,F,45G1,40.0,CARRIER,CABOTAGE,1
2025,4,DE BRV,IS REY,SKO503,Yellow Line,,,,,F,42P3,40.0,CARRIER,CABOTAGE,1
2025,4,DE BRV,IS REY,SKO503,Yellow Line,IS REY,US PWM,BAK505,Green Line,F,45G1,40.0,CARRIER,CABOTAGE,2
2025,4,DE BRV,IS REY,SKO503,Yellow Line,IS REY,US PWM,BAK505,Green Line,F,22G1,20.0,CARRIER,LONG,1
2025,4,DE BRV,IS REY,SKO503,Yellow Line,,,,,F,22G1,20.0,LEASED,ONEWAY,1
2025,4,DE BRV,IS REY,SKO503,Yellow Line,IS REY,US PWM,BAK505,Green Line,F,45G1,40.0,SHIPPER,CABOTAGE,1
2025,4,DK AAR,FO THO,SKO503,Yellow Line,,,,,F,45G1,40.0,CARRIER,PURCHASE_AGREEMENT,1
2025,4,DK AAR,FO THO,SKO503,Yellow Line,,,,,F,45R1,40.0,CARRIER,PURCHASE_AGREEMENT,2
2025,4,DK AAR,IS REY,SKO503,Yellow Line,IS REY,US PWM,VIV506,Green Line,F,22G1,20.0,CARRIER,LONG,1
2025,4,FO THO,DE BRV,BRU503,Red Line,,,,,E,45G1,40.0,LEASED,MASTER,1
2025,4,FO THO,DK AAR,BRU503,Red Line,,,,,F,45R1,40.0,CARRIER,PURCHASE_AGREEMENT,1
2025,4,FO THO,DK AAR,BRU503,Red Line,,,,,F,22K0,20.0,SHIPPER,,1
2025,4,FO THO,DK AAR,LAG504,Yellow Line,,,,,E,45P3,40.0,CARRIER,LONG,1
2025,4,FO THO,DK AAR,LAG504,Yellow Line,,,,,F,45R1,40.0,LEASED,ONEWAY,1
2025,4,FO THO,DK AAR,LAG504,Yellow Line,,,,,E,22B0,20.0,CARRIER,PURCHASE_AGREEMENT,4
2025,4,FO THO,GB IMM,LAG504,Yellow Line,,,,,F,45R1,40.0,CARRIER,PURCHASE_AGREEMENT,1
2025,4,FO THO,GB IMM,LAG504,Yellow Line,,,,,F,LNRB,45.0,LEASED,PURCHASE,1
2025,4,FO THO,IS REY,SKO503,Yellow Line,IS REY,CA HAL,VIV506,Green Line,F,45R1,40.0,CARRIER,PURCHASE_AGREEMENT,1
2025,4,FO THO,IS REY,SKO503,Yellow Line,IS REY,CA NWP,VIV506,Green Line,F,45R1,40.0,CARRIER,PURCHASE_AGREEMENT,1
2025,4,FO THO,IS REY,SKO503,Yellow Line,IS REY,NL RTM,JOR505,Blue Line,F,45R1,40.0,CARRIER,LONG,1
2025,4,FO THO,IS REY,SKO503,Yellow Line,IS REY,US PWM,BAK505,Green Line,F,45R1,40.0,LEASED,ONEWAY,1
2025,4,FO THO,SE HEL,BRU503,Red Line,,,,,F,22G1,20.0,CARRIER,CABOTAGE,1
2025,4,GB TEE,IS REY,JOR503,Blue Line,,,,,F,42P3,40.0,CARRIER,PURCHASE_AGREEMENT,1
2025,4,GB TEE,IS REY,JOR503,Blue Line,,,,,F,45G1,40.0,CARRIER,CABOTAGE,1
2025,4,GB TEE,IS REY,JOR503,Blue Line,,,,,F,42P3,40.0,CARRIER,LONG,2
2025,4,GB TEE,IS REY,JOR503,Blue Line,IS REY,CA NWP,BAK505,Green Line,F,45G1,40.0,CARRIER,LONG,1
2025,4,GB TEE,IS REY,JOR503,Blue Line,IS REY,US PWM,BAK505,Green Line,F,22G1,20.0,CARRIER,LONG,1
2025,4,GB TEE,IS REY,JOR503,Blue Line,IS REY,US PWM,BAK505,Green Line,F,45R1,40.0,CARRIER,LONG,1
2025,4,IS REY,FO THO,SKO505,Yellow Line,,,,,F,42P3,40.0,CARRIER,LONG,1
2025,4,IS REY,CA HAL,BAK505,Green Line,,,,,F,45R1,40.0,CARRIER,LONG,1
2025,4,IS GRT,IS REY,VED504,Blue Line,IS REY,GB IMM,SKO505,Yellow Line,F,45P3,40.0,CARRIER,PURCHASE_AGREEMENT,1
2025,4,IS GRT,IS REY,VED504,Blue Line,IS REY,GB IMM,SKO505,Yellow Line,F,22G1,20.0,CARRIER,PURCHASE_AGREEMENT,1
2025,4,IS GRT,IS REY,VED504,Blue Line,IS REY,SE HEL,DET504,Red Line,F,22G1,20.0,CARRIER,LONG,1
2025,4,IS GRT,IS REY,VED504,Blue Line,IS REY,US PWM,BAK505,Green Line,F,22G1,20.0,CARRIER,LONG,1
2025,4,IS GRT,NL RTM,VED504,Blue Line,,,,,F,22GB,20.0,CARRIER,PURCHASE_AGREEMENT,1
2025,4,IS GRT,NL RTM,VED504,Blue Line,,,,,F,22G1,20.0,CARRIER,PURCHASE_AGREEMENT,50
2025,4,IS GRT,NL RTM,VED504,Blue Line,,,,,F,22G1,20.0,LEASED,ONEWAY,1
2025,4,IS GRT,NL RTM,VED504,Blue Line,,,,,F,22G1,20.0,LEASED,PURCHASE,1
2025,4,IS REY,NL RTM,JOR505,Blue Line,,,,,F,45G1,40.0,CARRIER,PURCHASE_AGREEMENT,1
2025,4,IS REY,NL RTM,JOR505,Blue Line,,,,,F,22G1,20.0,CARRIER,CABOTAGE,4
2025,4,IS REY,NL RTM,JOR505,Blue Line,,,,,F,22GB,20.0,CARRIER,LONG,1
2025,4,IS REY,US PWM,BAK505,Green Line,,,,,F,45G1,40.0,CARRIER,PURCHASE_AGREEMENT,1
2025,4,IS REY,US PWM,BAK505,Green Line,,,,,F,45RB,40.0,CARRIER,PURCHASE_AGREEMENT,1
2025,4,IS REY,NL RTM,VED504,Blue Line,,,,,F,45R1,40.0,CARRIER,PURCHASE_AGREEMENT,1
2025,4,IS REY,DK AAR,BRU503,Red Line,,,,,F,45R1,40.0,CARRIER,LONG,1
2025,4,IS REY,US PWM,BAK505,Green Line,,,,,F,45R1,40.0,CARRIER,LONG,1
2025,4,IS REY,GB IMM,LAG504,Yellow Line,,,,,F,45R1,40.0,CARRIER,LONG,1
2025,4,IS REY,NL RTM,JOR505,Blue Line,,,,,F,45R1,40.0,CARRIER,LONG,1
2025,4,IS REY,DE BRV,BRU503,Red Line,,,,,E,22G1,20.0,CARRIER,CABOTAGE,2
2025,4,IS REY,DE BRV,BRU503,Red Line,,,,,F,45G1,40.0,CARRIER,PURCHASE_AGREEMENT,1
2025,4,IS REY,DE BRV,BRU503,Red Line,,,,,F,45G1,40.0,CARRIER,LONG,8
2025,4,IS REY,DE BRV,BRU503,Red Line,,,,,F,45R1,40.0,CARRIER,LONG,3
2025,4,IS REY,DE BRV,BRU503,Red Line,,,,,E,45G1,40.0,CARRIER,PURCHASE_AGREEMENT,2
2025,4,IS REY,DE BRV,BRU503,Red Line,,,,,E,42P3,40.0,LEASED,MASTER,2
2025,4,IS REY,DE BRV,BRU503,Red Line,,,,,F,22G1,20.0,LEASED,,1
2025,4,IS REY,DK AAR,BRU503,Red Line,,,,,E,22G1,20.0,CARRIER,CABOTAGE,6
2025,4,IS REY,DK AAR,BRU503,Red Line,,,,,E,45R1,40.0,LEASED,ONEWAY,1
2025,4,IS REY,DK AAR,BRU503,Red Line,,,,,F,45G1,40.0,CARRIER,PURCHASE_AGREEMENT,1
2025,4,IS REY,DK AAR,BRU503,Red Line,,,,,F,42U1,40.0,CARRIER,LONG,1
2025,4,IS REY,DK AAR,LAG504,Yellow Line,,,,,F,45R1,40.0,CARRIER,PURCHASE_AGREEMENT,1
2025,4,IS REY,DK AAR,BRU503,Red Line,,,,,E,4EG1,40.0,CARRIER,LONG,5
2025,4,IS REY,DK AAR,BRU503,Red Line,,,,,E,22G1,20.0,CARRIER,LONG,2
2025,4,IS REY,DK AAR,BRU503,Red Line,,,,,E,45G1,40.0,CARRIER,LONG,4
2025,4,IS REY,DK AAR,BRU503,Red Line,,,,,F,45R1,40.0,LEASED,ONEWAY,1
2025,4,IS REY,DK AAR,BRU503,Red Line,,,,,E,22B0,20.0,CARRIER,PURCHASE_AGREEMENT,1
2025,4,IS REY,DK AAR,BRU503,Red Line,,,,,E,22G1,20.0,LEASED,MASTER,2
2025,4,IS REY,GB IMM,LAG504,Yellow Line,,,,,F,22H5,20.0,CARRIER,PURCHASE_AGREEMENT,1
2025,4,IS REY,GB IMM,LAG504,Yellow Line,,,,,F,LNRB,45.0,CARRIER,PURCHASE_AGREEMENT,1
2025,4,IS REY,GB TEE,VED504,Blue Line,,,,,E,22G1,20.0,CARRIER,LONG,7
2025,4,IS REY,GB TEE,VED504,Blue Line,,,,,E,45G1,40.0,CARRIER,PURCHASE_AGREEMENT,1
2025,4,IS REY,GB TEE,VED504,Blue Line,,,,,E,22G1,20.0,LEASED,MASTER,1
2025,4,IS REY,IS GRT,VED502,Blue Line,,,,,E,22G1,20.0,LEASED,ONEWAY,4
2025,4,IS REY,IS RFJ,BRU503,Red Line,,,,,E,LNRB,45.0,CARRIER,PURCHASE_AGREEMENT,1
2025,4,IS REY,IS VES,LAG504,Yellow Line,,,,,F,45G1,40.0,CARRIER,LONG,2
2025,4,IS REY,IS VES,LAG504,Yellow Line,,,,,F,45R1,40.0,CARRIER,PURCHASE_AGREEMENT,1
2025,4,IS REY,IS VES,LAG504,Yellow Line,,,,,F,45R1,40.0,CARRIER,LONG,1
2025,4,IS REY,NL RTM,VED504,Blue Line,,,,,F,45G1,40.0,CARRIER,PURCHASE_AGREEMENT,2
2025,4,IS REY,NL RTM,VED504,Blue Line,,,,,F,42U1,40.0,CARRIER,LONG,1
2025,4,IS REY,NL RTM,VED504,Blue Line,,,,,F,45R1,40.0,LEASED,ONEWAY,2
2025,4,IS REY,NL RTM,VED504,Blue Line,,,,,F,22R1,20.0,LEASED,PURCHASE,2
2025,4,IS REY,NO FRK,LAG504,Yellow Line,,,,,F,22G1,20.0,CARRIER,LONG,1
2025,4,IS REY,NO FRK,LAG504,Yellow Line,,,,,E,45G1,40.0,CARRIER,LONG,2
2025,4,IS REY,NO FRK,LAG504,Yellow Line,,,,,E,22G1,20.0,LEASED,MASTER,3
2025,4,IS REY,SE HEL,BRU503,Red Line,,,,,E,42P3,40.0,CARRIER,CABOTAGE,1
2025,4,IS REY,SE HEL,BRU503,Red Line,,,,,F,45G1,40.0,CARRIER,PURCHASE_AGREEMENT,3
2025,4,IS REY,SE HEL,BRU503,Red Line,,,,,F,45G1,40.0,CARRIER,LONG,29
2025,4,IS REY,SE HEL,BRU503,Red Line,,,,,F,22G1,20.0,CARRIER,LONG,1
2025,4,IS REY,SE HEL,BRU503,Red Line,,,,,E,42G1,40.0,CARRIER,PURCHASE_AGREEMENT,1
2025,4,IS REY,SE HEL,BRU503,Red Line,,,,,E,42P3,40.0,CARRIER,PURCHASE_AGREEMENT,1
2025,4,IS REY,US PWM,AVA504,Green Line,,,,,F,45G1,40.0,CARRIER,PURCHASE_AGREEMENT,1
2025,4,IS REY,US PWM,AVA504,Green Line,,,,,F,22G1,20.0,CARRIER,PURCHASE_AGREEMENT,1
2025,4,IS REY,US PWM,AVA504,Green Line,,,,,F,22G1,20.0,CARRIER,LONG,1
2025,4,IS REY,US PWM,AVA504,Green Line,,,,,F,45G1,40.0,CARRIER,LONG,10
2025,4,IS RFJ,DE BRV,BRU503,Red Line,,,,,F,LNRB,45.0,CARRIER,PURCHASE_AGREEMENT,1
2025,4,IS RFJ,DE BRV,BRU503,Red Line,,,,,F,45R1,40.0,CARRIER,LONG,2
2025,4,IS RFJ,DK AAR,BRU503,Red Line,,,,,E,42P3,40.0,CARRIER,LONG,1
2025,4,IS RFJ,DK AAR,BRU503,Red Line,,,,,E,45G1,40.0,CARRIER,LONG,1
2025,4,IS RFJ,DK AAR,BRU503,Red Line,,,,,E,42P3,40.0,LEASED,MASTER,1
2025,4,IS RFJ,FO THO,BRU503,Red Line,FO THO,IS REY,SKO503,Yellow Line,F,45R1,40.0,CARRIER,LONG,1
2025,4,IS RFJ,FO THO,BRU503,Red Line,FO THO,IS REY,SKO503,Yellow Line,E,45R1,40.0,CARRIER,LONG,1
2025,4,IS VES,DK AAR,LAG504,Yellow Line,,,,,F,45G1,40.0,LEASED,ONEWAY,1
2025,4,IS VES,FO THO,LAG504,Yellow Line,FO THO,IS REY,SKO503,Yellow Line,F,45R1,40.0,CARRIER,LONG,1
2025,4,IS VES,FO THO,LAG504,Yellow Line,FO THO,DE BRV,BRU503,Red Line,F,45R1,40.0,CARRIER,LONG,1
2025,4,NL RTM,IS GRT,JOR503,Blue Line,,,,,F,22G1,20.0,LEASED,PURCHASE,1
2025,4,NL RTM,IS GRT,JOR503,Blue Line,,,,,E,45P3,40.0,CARRIER,LONG,14
2025,4,NL RTM,IS GRT,JOR503,Blue Line,,,,,E,42P3,40.0,CARRIER,LONG,5
2025,4,NL RTM,IS GRT,JOR503,Blue Line,,,,,E,22GB,20.0,LEASED,MASTER,2
2025,4,NL RTM,IS GRT,JOR503,Blue Line,,,,,E,22G1,20.0,LEASED,MASTER,1
2025,4,NL RTM,IS GRT,JOR503,Blue Line,,,,,E,22G1,20.0,LEASED,PURCHASE,1
2025,4,NL RTM,IS REY,JOR503,Blue Line,,,,,F,45G1,40.0,CARRIER,PURCHASE_AGREEMENT,8
2025,4,NL RTM,IS REY,JOR503,Blue Line,IS REY,FO THO,SKO505,Yellow Line,F,22U1,20.0,CARRIER,PURCHASE_AGREEMENT,1
2025,4,NL RTM,IS REY,JOR503,Blue Line,,,,,F,42G1,40.0,CARRIER,CABOTAGE,1
2025,4,NL RTM,IS REY,JOR503,Blue Line,,,,,F,42U1,40.0,CARRIER,LONG,1
2025,4,NL RTM,IS REY,JOR503,Blue Line,,,,,F,4EG1,40.0,CARRIER,LONG,8
2025,4,NL RTM,IS REY,JOR503,Blue Line,,,,,F,45R1,40.0,CARRIER,LONG,6
2025,4,NL RTM,IS REY,JOR503,Blue Line,IS REY,IS RFJ,DET504,Red Line,F,45R1,40.0,CARRIER,LONG,1
2025,4,NL RTM,IS REY,JOR503,Blue Line,,,,,F,4EG1,40.0,LEASED,MASTER,1
2025,4,NL RTM,IS REY,JOR503,Blue Line,,,,,F,22G1,20.0,LEASED,MASTER,1
2025,4,NL RTM,IS REY,JOR503,Blue Line,,,,,F,22K0,20.0,SHIPPER,,2
2025,4,NL RTM,IS REY,JOR503,Blue Line,,,,,E,LNRB,45.0,CARRIER,PURCHASE_AGREEMENT,1
2025,4,NL RTM,IS REY,JOR503,Blue Line,,,,,E,45R1,40.0,CARRIER,LONG,2
2025,4,SE HEL,DK AAR,SKO503,Yellow Line,DK AAR,IS REY,TUK502,Red Line,F,22G1,20.0,CARRIER,PURCHASE_AGREEMENT,2
2025,4,SE HEL,DK AAR,SKO503,Yellow Line,DK AAR,IS REY,TUK502,Red Line,F,45G1,40.0,CARRIER,LONG,10
2025,4,SE HEL,DK AAR,SKO503,Yellow Line,DK AAR,IS REY,TUK502,Red Line,F,4EG1,40.0,CARRIER,LONG,1
2025,4,SE HEL,IS REY,SKO503,Yellow Line,,,,,F,45G1,40.0,CARRIER,LONG,5
2025,4,SE HEL,IS REY,SKO503,Yellow Line,,,,,F,45R1,40.0,CARRIER,PURCHASE_AGREEMENT,3
2025,4,SE HEL,IS REY,SKO503,Yellow Line,,,,,F,45G1,40.0,LEASED,MASTER,1
2025,4,US PWM,CA NWP,VIV503,Green Line,,,,,E,42U1,40.0,CARRIER,LONG,1
2025,4,US PWM,IS REY,VIV503,Green Line,,,,,E,45G1,40.0,CARRIER,CABOTAGE,8
2025,4,US PWM,IS REY,VIV503,Green Line,IS REY,GB IMM,LAG506,Yellow Line,F,22G1,20.0,CARRIER,CABOTAGE,1
2025,4,US PWM,IS REY,VIV503,Green Line,IS REY,NL RTM,VED506,Blue Line,F,45G1,40.0,CARRIER,CABOTAGE,1
2025,4,US PWM,IS REY,VIV503,Green Line,IS REY,DE BRV,TUK505,Red Line,F,22G1,20.0,CARRIER,LONG,1
2025,4,US PWM,IS REY,VIV503,Green Line,,,,,F,45R1,40.0,CARRIER,PURCHASE_AGREEMENT,1
2025,4,US PWM,IS REY,VIV503,Green Line,IS REY,DE BRV,BRU506,Red Line,F,45R1,40.0,CARRIER,LONG,1
2025,4,US PWM,IS REY,VIV503,Green Line,,,,,E,45G1,40.0,CARRIER,LONG,21
2025,4,US PWM,IS REY,VIV503,Green Line,,,,,E,22G1,20.0,CARRIER,LONG,1
2025,4,US PWM,IS REY,VIV503,Green Line,,,,,E,45R1,40.0,CARRIER,PURCHASE_AGREEMENT,9
2025,4,US PWM,IS REY,VIV503,Green Line,,,,,E,45G1,40.0,CARRIER,PURCHASE_AGREEMENT,5
2025,4,US PWM,IS REY,VIV503,Green Line,,,,,E,45R1,40.0,CARRIER,,1
2025,4,US PWM,IS REY,VIV503,Green Line,,,,,E,45R1,40.0,CARRIER,CABOTAGE,1
2025,5,CA NWP,IS REY,VIV503,Green Line,IS REY,NL RTM,VED506,Blue Line,F,22G1,20.0,CARRIER,PURCHASE_AGREEMENT,1
2025,5,CA NWP,IS REY,VIV503,Green Line,IS REY,DK AAR,TUK505,Red Line,F,22G1,20.0,CARRIER,LONG,1
2025,5,CA NWP,IS REY,VIV503,Green Line,IS REY,NL RTM,VED506,Blue Line,F,22G1,20.0,CARRIER,LONG,2
2025,5,CA NWP,IS REY,VIV503,Green Line,,,,,F,45R1,40.0,CARRIER,PURCHASE_AGREEMENT,1
2025,5,CA NWP,IS REY,VIV503,Green Line,IS REY,GB IMM,LAG506,Yellow Line,F,45R1,40.0,CARRIER,LONG,1
2025,5,CA NWP,IS REY,VIV503,Green Line,IS REY,SE HEL,TUK505,Red Line,F,22G1,20.0,LEASED,MASTER,2
2025,5,DE BRV,IS REY,BRU503,Red Line,,,,,F,45P3,40.0,CARRIER,PURCHASE_AGREEMENT,1
2025,5,DE BRV,IS REY,BRU503,Red Line,IS REY,US PWM,AVA507,Green Line,F,45G1,40.0,CARRIER,PURCHASE_AGREEMENT,2
2025,5,DE BRV,IS REY,BRU503,Red Line,,,,,F,45G1,40.0,CARRIER,CABOTAGE,1
2025,5,DE BRV,IS REY,BRU503,Red Line,IS REY,US PWM,VIV506,Green Line,F,45G1,40.0,CARRIER,CABOTAGE,1
2025,5,DE BRV,IS REY,BRU503,Red Line,IS REY,US PWM,VIV506,Green Line,F,42P3,40.0,CARRIER,CABOTAGE,1
2025,5,DE BRV,IS REY,BRU503,Red Line,,,,,F,22G1,20.0,CARRIER,CABOTAGE,1
2025,5,DE BRV,IS REY,BRU503,Red Line,,,,,F,42P3,40.0,CARRIER,LONG,3
2025,5,DE BRV,IS REY,BRU503,Red Line,,,,,F,45G1,40.0,CARRIER,LONG,2
2025,5,DE BRV,IS REY,BRU503,Red Line,IS REY,IS RFJ,BRU506,Red Line,F,45G1,40.0,CARRIER,LONG,1
2025,5,DE BRV,IS REY,BRU503,Red Line,,,,,F,45G1,40.0,CARRIER,LONG,2
2025,5,DE BRV,IS REY,BRU503,Red Line,,,,,F,45G1,40.0,LEASED,MASTER,1
2025,5,DE BRV,IS REY,BRU503,Red Line,IS REY,US PWM,VIV506,Green Line,F,22G1,20.0,LEASED,MASTER,1
2025,5,DE BRV,SE HEL,BRU503,Red Line,,,,,E,45R1,40.0,CARRIER,LONG,1
2025,5,DK AAR,FO THO,LAG504,Yellow Line,,,,,F,4EG1,40.0,CARRIER,PURCHASE_AGREEMENT,1
2025,5,DK AAR,FO THO,LAG504,Yellow Line,,,,,F,22B0,20.0,CARRIER,PURCHASE_AGREEMENT,1
2025,5,DK AAR,FO THO,LAG504,Yellow Line,,,,,F,42P3,40.0,CARRIER,CABOTAGE,1
2025,5,DK AAR,FO THO,LAG504,Yellow Line,,,,,F,45G1,40.0,CARRIER,CABOTAGE,6
2025,5,DK AAR,FO THO,LAG504,Yellow Line,,,,,F,45G1,40.0,CARRIER,LONG,4
2025,5,DK AAR,FO THO,LAG504,Yellow Line,,,,,F,22G2,20.0,SHIPPER,,1
2025,5,DK AAR,FO THO,LAG504,Yellow Line,,,,,F,45R1,40.0,LEASED,ONEWAY,9
2025,5,DK AAR,IS REY,BRU503,Red Line,IS REY,IS VES,SKO507,Yellow Line,F,45G1,40.0,CARRIER,CABOTAGE,1
2025,5,DK AAR,IS REY,LAG504,Yellow Line,IS REY,CA NWP,VIV506,Green Line,F,45G1,40.0,CARRIER,CABOTAGE,1
2025,5,DK AAR,IS REY,BRU503,Red Line,IS REY,CA HAL,VIV506,Green Line,F,45G1,40.0,CARRIER,CABOTAGE,1
2025,5,DK AAR,IS REY,BRU503,Red Line,,,,,F,45G1,40.0,CARRIER,CABOTAGE,1
2025,5,DK AAR,IS REY,BRU503,Red Line,IS REY,US PWM,VIV506,Green Line,F,45G1,40.0,CARRIER,CABOTAGE,1
2025,5,DK AAR,IS REY,BRU503,Red Line,IS REY,CA HAL,VIV506,Green Line,F,22G1,20.0,CARRIER,CABOTAGE,1
2025,5,DK AAR,IS REY,BRU503,Red Line,IS REY,CA HAL,VIV509,Green Line,F,22G1,20.0,CARRIER,LONG,1
2025,5,DK AAR,IS REY,BRU503,Red Line,IS REY,IS VES,SKO507,Yellow Line,F,22G1,20.0,CARRIER,LONG,1
2025,5,DK AAR,IS REY,BRU503,Red Line,,,,,F,45R1,40.0,CARRIER,LONG,5
2025,5,DK AAR,IS REY,BRU503,Red Line,,,,,E,45G1,40.0,LEASED,,1
2025,5,FO THO,DE BRV,DET504,Red Line,,,,,F,45R1,40.0,CARRIER,LONG,1
2025,5,FO THO,DK AAR,DET504,Red Line,,,,,E,22G1,20.0,CARRIER,CABOTAGE,1
2025,5,FO THO,DK AAR,DET504,Red Line,,,,,F,45G1,40.0,CARRIER,CABOTAGE,1
2025,5,FO THO,DK AAR,DET504,Red Line,,,,,F,45R1,40.0,CARRIER,PURCHASE_AGREEMENT,1
2025,5,FO THO,DK AAR,DET504,Red Line,,,,,F,22K0,20.0,SHIPPER,,1
2025,5,FO THO,DK AAR,DET504,Red Line,,,,,E,LEG2,45.0,CARRIER,LONG,1
2025,5,FO THO,DK AAR,SKO505,Yellow Line,,,,,F,45R1,40.0,LEASED,ONEWAY,1
2025,5,FO THO,DK AAR,DET504,Red Line,,,,,E,45G1,40.0,CARRIER,PURCHASE_AGREEMENT,2
2025,5,FO THO,GB IMM,SKO505,Yellow Line,,,,,F,45R1,40.0,CARRIER,PURCHASE_AGREEMENT,1
2025,5,FO THO,GB IMM,SKO505,Yellow Line,,,,,F,LNRB,45.0,CARRIER,LONG,3
2025,5,FO THO,GB IMM,SKO505,Yellow Line,,,,,F,45R1,40.0,CARRIER,LONG,1
2025,5,FO THO,IS REY,LAG504,Yellow Line,IS REY,NL RTM,VED506,Blue Line,E,22R1,20.0,LEASED,ONEWAY,1
2025,5,FO THO,IS REY,LAG504,Yellow Line,,,,,F,45R1,40.0,CARRIER,PURCHASE_AGREEMENT,1
2025,5,FO THO,IS REY,LAG504,Yellow Line,IS REY,NL RTM,VED506,Blue Line,F,45R1,40.0,CARRIER,PURCHASE_AGREEMENT,1
2025,5,FO THO,IS REY,LAG504,Yellow Line,IS REY,US PWM,BAK508,Green Line,F,45R1,40.0,CARRIER,LONG,1
2025,5,FO THO,PL SWI,SKO505,Yellow Line,,,,,E,45G1,40.0,CARRIER,PURCHASE_AGREEMENT,2
2025,5,GB IMM,DK AAR,LAG504,Yellow Line,,,,,E,45R1,40.0,CARRIER,PURCHASE_AGREEMENT,4
2025,5,GB IMM,DK AAR,LAG504,Yellow Line,,,,,E,45R1,40.0,CARRIER,LONG,2
2025,5,GB IMM,FO THO,LAG504,Yellow Line,,,,,F,45G1,40.0,CARRIER,CABOTAGE,1
2025,5,GB IMM,FO THO,LAG504,Yellow Line,,,,,E,LNRB,45.0,LEASED,PURCHASE,1
2025,5,GB IMM,IS REY,LAG504,Yellow Line,,,,,E,22G1,20.0,CARRIER,CABOTAGE,1
2025,5,GB IMM,IS REY,LAG504,Yellow Line,,,,,F,45R1,40.0,CARRIER,PURCHASE_AGREEMENT,1
2025,5,GB IMM,IS REY,LAG504,Yellow Line,,,,,F,45R1,40.0,CARRIER,LONG,1
2025,5,GB IMM,IS REY,LAG504,Yellow Line,,,,,E,22H5,20.0,CARRIER,PURCHASE_AGREEMENT,1
2025,5,GB IMM,IS REY,LAG504,Yellow Line,,,,,E,22R1,20.0,LEASED,PURCHASE,1
2025,5,GB TEE,IS REY,VED504,Blue Line,,,,,F,45G1,40.0,CARRIER,CABOTAGE,1
2025,5,GB TEE,IS REY,VED504,Blue Line,IS REY,CA HAL,VIV506,Green Line,F,22G1,20.0,CARRIER,LONG,1
2025,5,GB TEE,IS REY,VED504,Blue Line,,,,,F,4EG1,40.0,CARRIER,LONG,1
2025,5,GB TEE,IS REY,VED504,Blue Line,,,,,F,45G1,40.0,CARRIER,LONG,4
2025,5,GB TEE,IS REY,VED504,Blue Line,IS REY,US PWM,VIV506,Green Line,F,22G1,20.0,CARRIER,LONG,1
2025,5,GB TEE,IS REY,VED504,Blue Line,,,,,F,45RB,40.0,CARRIER,PURCHASE_AGREEMENT,1
2025,5,IS GRT,IS REY,JOR505,Blue Line,IS REY,GB IMM,LAG506,Yellow Line,F,22G1,20.0,LEASED,MASTER,1
2025,5,IS GRT,IS REY,JOR505,Blue Line,,,,,E,45G1,40.0,CARRIER,LONG,1
2025,5,IS GRT,NL RTM,JOR505,Blue Line,,,,,E,22G1,20.0,LEASED,ONEWAY,3
2025,5,IS GRT,NL RTM,JOR505,Blue Line,,,,,F,22G1,20.0,CARRIER,CABOTAGE,8
2025,5,IS GRT,NL RTM,JOR505,Blue Line,,,,,F,22GB,20.0,LEASED,MASTER,1
2025,5,IS GRT,NL RTM,JOR505,Blue Line,,,,,F,22G1,20.0,LEASED,ONEWAY,2
2025,5,IS REY,CA NWP,BAK505,Green Line,,,,,F,45G1,40.0,CARRIER,PURCHASE_AGREEMENT,1
2025,5,IS REY,DE BRV,DET504,Red Line,,,,,E,22G1,20.0,CARRIER,CABOTAGE,1
2025,5,IS REY,DE BRV,DET504,Red Line,,,,,F,45G1,40.0,CARRIER,PURCHASE_AGREEMENT,1
2025,5,IS REY,DE BRV,DET504,Red Line,,,,,F,45G1,40.0,LEASED,ONEWAY,1
2025,5,IS REY,DK AAR,DET504,Red Line,,,,,E,45G1,40.0,LEASED,ONEWAY,1
2025,5,IS REY,DK AAR,DET504,Red Line,,,,,F,45R1,40.0,CARRIER,PURCHASE_AGREEMENT,1
2025,5,IS REY,DK AAR,DET504,Red Line,,,,,F,22K0,20.0,SHIPPER,,1
2025,5,IS REY,DK AAR,DET504,Red Line,,,,,E,45P3,40.0,CARRIER,LONG,2
2025,5,IS REY,FO THO,SKO505,Yellow Line,,,,,F,45G1,40.0,CARRIER,PURCHASE_AGREEMENT,1
2025,5,IS REY,FO THO,DET504,Red Line,,,,,F,45R1,40.0,CARRIER,LONG,2
2025,5,IS REY,GB IMM,SKO505,Yellow Line,,,,,F,45R1,40.0,CARRIER,PURCHASE_AGREEMENT,1
2025,5,IS REY,IS RFJ,DET504,Red Line,,,,,E,45R1,40.0,LEASED,ONEWAY,12
2025,5,IS REY,IS RFJ,DET504,Red Line,,,,,F,45R1,40.0,CARRIER,LONG,1
2025,5,IS REY,IS VES,SKO505,Yellow Line,,,,,F,45G1,40.0,CARRIER,LONG,1
2025,5,IS REY,IS VES,SKO505,Yellow Line,,,,,F,45R1,40.0,LEASED,ONEWAY,1
2025,5,IS REY,NL RTM,JOR505,Blue Line,,,,,E,45G1,40.0,CARRIER,CABOTAGE,1
2025,5,IS REY,NL RTM,JOR505,Blue Line,,,,,F,42U1,40.0,CARRIER,PURCHASE_AGREEMENT,1
2025,5,IS REY,NL RTM,JOR505,Blue Line,,,,,F,45G1,40.0,CARRIER,LONG,3
2025,5,IS REY,NL RTM,JOR505,Blue Line,,,,,F,45R1,40.0,CARRIER,PURCHASE_AGREEMENT,9
2025,5,IS REY,NL RTM,JOR505,Blue Line,,,,,E,4EG1,40.0,CARRIER,LONG,6
2025,5,IS REY,NL RTM,JOR505,Blue Line,,,,,F,LNRB,45.0,LEASED,PURCHASE,1
2025,5,IS REY,NL RTM,JOR505,Blue Line,,,,,E,22G1,20.0,LEASED,,1
2025,5,IS REY,SE HEL,DET504,Red Line,,,,,F,45G1,40.0,CARRIER,LONG,24
2025,5,IS REY,SE HEL,DET504,Red Line,,,,,F,45R1,40.0,CARRIER,PURCHASE_AGREEMENT,1
2025,5,IS REY,SE HEL,DET504,Red Line,,,,,F,45G1,40.0,LEASED,MASTER,2
2025,5,IS REY,US PWM,BAK505,Green Line,,,,,F,45G1,40.0,CARRIER,PURCHASE_AGREEMENT,1
2025,5,IS REY,US PWM,BAK505,Green Line,,,,,F,22G1,20.0,CARRIER,LONG,1
2025,5,IS REY,US PWM,BAK505,Green Line,,,,,F,LNRB,45.0,CARRIER,PURCHASE_AGREEMENT,1
2025,5,IS REY,US PWM,BAK505,Green Line,,,,,F,45R1,40.0,CARRIER,LONG,3
2025,5,IS RFJ,DE BRV,DET504,Red Line,,,,,F,45R1,40.0,CARRIER,PURCHASE_AGREEMENT,4
2025,5,IS RFJ,DE BRV,DET504,Red Line,,,,,F,45R1,40.0,CARRIER,LONG,2
2025,5,IS RFJ,DK AAR,DET504,Red Line,,,,,E,22G1,20.0,CARRIER,CABOTAGE,1
2025,5,IS RFJ,DK AAR,DET504,Red Line,,,,,F,45R1,40.0,CARRIER,PURCHASE_AGREEMENT,1
2025,5,IS RFJ,FO THO,DET504,Red Line,,,,,F,45R1,40.0,CARRIER,PURCHASE_AGREEMENT,1
2025,5,IS RFJ,FO THO,DET504,Red Line,FO THO,GB IMM,SKO505,Yellow Line,F,45R1,40.0,CARRIER,LONG,1
2025,5,IS VES,DK AAR,SKO505,Yellow Line,,,,,F,4EG1,40.0,CARRIER,LONG,1
2025,5,IS VES,DK AAR,SKO505,Yellow Line,,,,,E,42P3,40.0,CARRIER,LONG,1
2025,5,IS VES,FO THO,SKO505,Yellow Line,FO THO,IS REY,LAG504,Yellow Line,F,45R1,40.0,CARRIER,LONG,1
2025,5,IS VES,PL SWI,SKO505,Yellow Line,,,,,F,45R1,40.0,CARRIER,PURCHASE_AGREEMENT,1
2025,5,NL RTM,GB TEE,VED504,Blue Line,,,,,E,22G1,20.0,CARRIER,CABOTAGE,3
2025,5,NL RTM,GB TEE,VED504,Blue Line,,,,,E,22G1,20.0,CARRIER,LONG,1
2025,5,NL RTM,IS GRT,VED504,Blue Line,,,,,E,22G1,20.0,CARRIER,CABOTAGE,7
2025,5,NL RTM,IS GRT,VED504,Blue Line,,,,,F,22GB,20.0,CARRIER,PURCHASE_AGREEMENT,1
2025,5,NL RTM,IS GRT,VED504,Blue Line,,,,,F,22G1,20.0,CARRIER,LONG,1
2025,5,NL RTM,IS GRT,VED504,Blue Line,,,,,E,42P3,40.0,CARRIER,LONG,1
2025,5,NL RTM,IS GRT,VED504,Blue Line,,,,,E,45P3,40.0,CARRIER,LONG,4
2025,5,NL RTM,IS GRT,VED504,Blue Line,,,,,E,22G1,20.0,CARRIER,LONG,12
2025,5,NL RTM,IS GRT,VED504,Blue Line,,,,,E,22G1,20.0,CARRIER,PURCHASE_AGREEMENT,16
2025,5,NL RTM,IS GRT,VED504,Blue Line,,,,,E,45P3,40.0,CARRIER,PURCHASE_AGREEMENT,1
2025,5,NL RTM,IS REY,VED504,Blue Line,IS REY,US PWM,VIV506,Green Line,F,22G1,20.0,CARRIER,PURCHASE_AGREEMENT,3
2025,5,NL RTM,IS REY,VED504,Blue Line,IS REY,IS VES,SKO507,Yellow Line,F,4EG1,40.0,CARRIER,PURCHASE_AGREEMENT,1
2025,5,NL RTM,IS REY,VED504,Blue Line,,,,,F,45P3,40.0,CARRIER,PURCHASE_AGREEMENT,1
2025,5,NL RTM,IS REY,VED504,Blue Line,IS REY,US PWM,BAK508,Green Line,F,22G1,20.0,CARRIER,CABOTAGE,1
2025,5,NL RTM,IS REY,VED504,Blue Line,,,,,F,45G1,40.0,CARRIER,CABOTAGE,10
2025,5,NL RTM,IS REY,VED504,Blue Line,IS REY,US PWM,VIV506,Green Line,F,45G1,40.0,CARRIER,CABOTAGE,1
2025,5,NL RTM,IS REY,VED504,Blue Line,,,,,F,45G1,40.0,CARRIER,LONG,27
2025,5,NL RTM,IS REY,VED504,Blue Line,IS REY,US PWM,BAK508,Green Line,F,22G1,20.0,CARRIER,LONG,8
2025,5,NL RTM,IS REY,VED504,Blue Line,,,,,F,LNRB,45.0,CARRIER,PURCHASE_AGREEMENT,1
2025,5,NL RTM,IS REY,VED504,Blue Line,IS REY,US PWM,VIV506,Green Line,F,45R1,40.0,CARRIER,LONG,6
2025,5,NL RTM,IS REY,VED504,Blue Line,IS REY,SE HEL,TUK505,Red Line,F,45R1,40.0,CARRIER,LONG,1
2025,5,NL RTM,IS REY,VED504,Blue Line,IS REY,US PWM,AVA507,Green Line,F,45R1,40.0,CARRIER,LONG,1
2025,5,NL RTM,IS REY,VED504,Blue Line,,,,,F,45G1,40.0,LEASED,ONEWAY,2
2025,5,NL RTM,IS REY,VED504,Blue Line,,,,,F,45G1,40.0,LEASED,ONEWAY,1
2025,5,NL RTM,IS REY,VED504,Blue Line,,,,,F,EMKD,26.0,SHIPPER,,1
2025,5,NL RTM,IS REY,VED504,Blue Line,,,,,F,22K2,20.0,SHIPPER,,1
2025,5,NL RTM,IS REY,VED504,Blue Line,,,,,F,45R1,40.0,LEASED,ONEWAY,1
2025,5,NL RTM,IS REY,VED504,Blue Line,,,,,F,22R1,20.0,LEASED,PURCHASE,2
2025,5,NO FRK,FO THO,LAG504,Yellow Line,,,,,F,22G1,20.0,CARRIER,CABOTAGE,1
2025,5,NO FRK,IS REY,LAG504,Yellow Line,IS REY,IS GRT,VED506,Blue Line,F,45G1,40.0,CARRIER,PURCHASE_AGREEMENT,1
2025,5,NO FRK,IS REY,LAG504,Yellow Line,IS REY,CA HAL,VIV509,Green Line,F,45G1,40.0,CARRIER,PURCHASE_AGREEMENT,1
2025,5,NO FRK,IS REY,LAG504,Yellow Line,IS REY,CA NWP,VIV506,Green Line,F,22G1,20.0,CARRIER,PURCHASE_AGREEMENT,2
2025,5,NO FRK,IS REY,LAG504,Yellow Line,,,,,F,45G1,40.0,CARRIER,CABOTAGE,1
2025,5,NO FRK,IS REY,LAG504,Yellow Line,,,,,F,42P3,40.0,CARRIER,LONG,1
2025,5,NO FRK,IS REY,LAG504,Yellow Line,,,,,F,45R1,40.0,CARRIER,LONG,1
2025,5,NO FRK,IS REY,LAG504,Yellow Line,,,,,F,22G1,20.0,LEASED,MASTER,1
2025,5,NO FRK,IS REY,LAG504,Yellow Line,,,,,E,42U1,40.0,CARRIER,LONG,4
2025,5,NO FRK,IS REY,LAG504,Yellow Line,,,,,E,45R1,40.0,CARRIER,PURCHASE_AGREEMENT,1
2025,5,SE HEL,IS REY,BRU503,Red Line,,,,,F,45G1,40.0,CARRIER,PURCHASE_AGREEMENT,3
2025,5,SE HEL,IS REY,BRU503,Red Line,,,,,F,22G1,20.0,CARRIER,PURCHASE_AGREEMENT,1
2025,5,SE HEL,IS REY,BRU503,Red Line,,,,,F,42G1,40.0,CARRIER,LONG,1
2025,5,SE HEL,IS REY,BRU503,Red Line,,,,,F,45R1,40.0,CARRIER,LONG,3
2025,5,US PWM,CA HAL,AVA504,Green Line,,,,,E,42P3,40.0,CARRIER,PURCHASE_AGREEMENT,1
2025,5,US PWM,IS REY,AVA504,Green Line,,,,,E,22G1,20.0,LEASED,ONEWAY,1
2025,5,US PWM,IS REY,AVA504,Green Line,IS REY,DE BRV,BRU506,Red Line,F,22G1,20.0,CARRIER,PURCHASE_AGREEMENT,1
2025,5,US PWM,IS REY,AVA504,Green Line,,,,,F,45G1,40.0,CARRIER,PURCHASE_AGREEMENT,1
2025,5,US PWM,IS REY,AVA504,Green Line,IS REY,DE BRV,BRU506,Red Line,F,22G1,20.0,CARRIER,CABOTAGE,1
2025,5,US PWM,IS REY,AVA504,Green Line,IS REY,NL RTM,JOR507,Blue Line,F,45G1,40.0,CARRIER,CABOTAGE,1
2025,5,US PWM,IS REY,AVA504,Green Line,IS REY,DE BRV,BRU506,Red Line,F,45G1,40.0,CARRIER,LONG,1
2025,5,US PWM,IS REY,AVA504,Green Line,IS REY,NL RTM,JOR507,Blue Line,F,45G1,40.0,CARRIER,LONG,7
2025,5,US PWM,IS REY,AVA504,Green Line,IS REY,GB IMM,SKO507,Yellow Line,F,22G1,20.0,CARRIER,LONG,1
2025,5,US PWM,IS REY,AVA504,Green Line,,,,,F,22G1,20.0,CARRIER,LONG,1
2025,5,US PWM,IS REY,AVA504,Green Line,IS REY,NL RTM,JOR507,Blue Line,F,45R1,40.0,CARRIER,PURCHASE_AGREEMENT,1
2025,5,US PWM,IS REY,AVA504,Green Line,,,,,E,45R1,40.0,CARRIER,LONG,13
2025,6,CA HAL,IS REY,AVA504,Green Line,,,,,E,22G1,20.0,CARRIER,CABOTAGE,4
2025,6,CA HAL,IS REY,AVA504,Green Line,,,,,F,42P3,40.0,CARRIER,PURCHASE_AGREEMENT,1
2025,6,CA HAL,IS REY,AVA504,Green Line,IS REY,GB IMM,SKO507,Yellow Line,F,45G1,40.0,CARRIER,CABOTAGE,1
2025,6,CA HAL,IS REY,AVA504,Green Line,,,,,F,22G1,20.0,CARRIER,LONG,1
2025,6,CA HAL,IS REY,AVA504,Green Line,IS REY,DK AAR,TUK508,Red Line,F,45R1,40.0,CARRIER,PURCHASE_AGREEMENT,1
2025,6,CA HAL,IS REY,AVA504,Green Line,,,,,E,22G1,20.0,CARRIER,LONG,7
2025,6,CA HAL,IS REY,AVA504,Green Line,,,,,E,45R1,40.0,CARRIER,PURCHASE_AGREEMENT,1
2025,6,CA HAL,IS REY,AVA504,Green Line,,,,,E,22G1,20.0,CARRIER,PURCHASE_AGREEMENT,2
2025,6,DE BRV,DK AAR,DET504,Red Line,,,,,E,LNRB,45.0,CARRIER,PURCHASE_AGREEMENT,1
2025,6,DE BRV,DK AAR,DET504,Red Line,,,,,E,45R1,40.0,CARRIER,LONG,4
2025,6,DE BRV,IS REY,DET504,Red Line,,,,,F,45P3,40.0,CARRIER,LONG,1
2025,6,DE BRV,IS REY,DET504,Red Line,,,,,F,45R1,40.0,CARRIER,PURCHASE_AGREEMENT,1
2025,6,DE BRV,IS REY,DET504,Red Line,,,,,F,45G1,40.0,LEASED,ONEWAY,1
2025,6,DE BRV,IS REY,DET504,Red Line,,,,,E,45P3,40.0,CARRIER,LONG,1
2025,6,DE BRV,SE HEL,DET504,Red Line,,,,,E,45R1,40.0,CARRIER,LONG,4
2025,6,DK AAR,FO THO,SKO505,Yellow Line,,,,,F,45G1,40.0,CARRIER,PURCHASE_AGREEMENT,1
2025,6,DK AAR,FO THO,DET504,Red Line,,,,,F,45G1,40.0,CARRIER,LONG,1
2025,6,DK AAR,FO THO,SKO505,Yellow Line,,,,,F,42P3,40.0,CARRIER,LONG,1
2025,6,DK AAR,FO THO,SKO505,Yellow Line,,,,,F,4EG1,40.0,CARRIER,LONG,1
2025,6,DK AAR,FO THO,SKO505,Yellow Line,,,,,F,45R1,40.0,CARRIER,PURCHASE_AGREEMENT,1
2025,6,DK AAR,FO THO,SKO505,Yellow Line,,,,,F,45R1,40.0,LEASED,ONEWAY,10
2025,6,DK AAR,IS REY,DET504,Red Line,,,,,F,22B0,20.0,CARRIER,PURCHASE_AGREEMENT,1
2025,6,DK AAR,IS REY,DET504,Red Line,,,,,F,4EG1,40.0,CARRIER,PURCHASE_AGREEMENT,1
2025,6,DK AAR,IS REY,DET504,Red Line,IS REY,CA HAL,VIV509,Green Line,F,45G1,40.0,CARRIER,CABOTAGE,1
2025,6,DK AAR,IS REY,DET504,Red Line,,,,,F,22K0,20.0,CARRIER,LONG,1
2025,6,DK AAR,IS REY,DET504,Red Line,,,,,F,45G1,40.0,CARRIER,LONG,1
2025,6,DK AAR,IS REY,SKO505,Yellow Line,,,,,F,4EG1,40.0,CARRIER,LONG,1
2025,6,DK AAR,IS REY,DET504,Red Line,IS REY,US PWM,BAK508,Green Line,F,45G1,40.0,CARRIER,LONG,1
2025,6,DK AAR,IS REY,DET504,Red Line,IS REY,US PWM,AVA507,Green Line,F,45R1,40.0,CARRIER,PURCHASE_AGREEMENT,1
2025,6,FO THO,DK AAR,LAG506,Yellow Line,,,,,E,45G1,40.0,CARRIER,CABOTAGE,1
2025,6,FO THO,DK AAR,LAG506,Yellow Line,,,,,F,45G1,40.0,CARRIER,PURCHASE_AGREEMENT,1
2025,6,FO THO,DK AAR,LAG506,Yellow Line,,,,,F,45G1,40.0,CARRIER,LONG,1
2025,6,FO THO,DK AAR,LAG506,Yellow Line,,,,,E,45G1,40.0,CARRIER,LONG,11
2025,6,FO THO,DK AAR,LAG506,Yellow Line,,,,,F,45R1,40.0,LEASED,ONEWAY,1
2025,6,FO THO,GB IMM,LAG506,Yellow Line,,,,,F,22G1,20.0,CARRIER,LONG,1
2025,6,FO THO,GB IMM,LAG506,Yellow Line,,,,,F,45R1,40.0,CARRIER,PURCHASE_AGREEMENT,1
2025,6,FO THO,GB IMM,LAG506,Yellow Line,,,,,F,45R1,40.0,LEASED,ONEWAY,1
2025,6,FO THO,IS REY,SKO505,Yellow Line,IS REY,NL RTM,JOR507,Blue Line,F,22G1,20.0,CARRIER,PURCHASE_AGREEMENT,1
2025,6,FO THO,IS REY,SKO505,Yellow Line,IS REY,CA NWP,VIV509,Green Line,F,45R1,40.0,CARRIER,PURCHASE_AGREEMENT,3
2025,6,FO THO,IS REY,SKO505,Yellow Line,IS REY,CA HAL,VIV509,Green Line,F,45R1,40.0,CARRIER,PURCHASE_AGREEMENT,1
2025,6,FO THO,IS REY,SKO505,Yellow Line,IS REY,US PWM,BAK508,Green Line,F,45R1,40.0,CARRIER,LONG,1
2025,6,FO THO,IS REY,SKO505,Yellow Line,,,,,F,42P3,40.0,LEASED,MASTER,1
2025,6,FO THO,NO FRK,LAG506,Yellow Line,,,,,F,45R1,40.0,LEASED,ONEWAY,1
2025,6,GB IMM,FO THO,SKO505,Yellow Line,,,,,F,45R1,40.0,CARRIER,PURCHASE_AGREEMENT,1
2025,6,GB IMM,IS REY,SKO505,Yellow Line,,,,,F,45R1,40.0,CARRIER,PURCHASE_AGREEMENT,1
2025,6,GB IMM,IS REY,SKO505,Yellow Line,IS REY,US PWM,BAK508,Green Line,F,45R1,40.0,CARRIER,LONG,1
2025,6,GB TEE,IS REY,JOR505,Blue Line,IS REY,US PWM,AVA507,Green Line,F,45G1,40.0,CARRIER,PURCHASE_AGREEMENT,1
2025,6,GB TEE,IS REY,JOR505,Blue Line,,,,,F,42P3,40.0,CARRIER,LONG,1
2025,6,GB TEE,IS REY,JOR505,Blue Line,IS REY,US PWM,AVA507,Green Line,F,22G1,20.0,CARRIER,LONG,1
2025,6,GB TEE,IS REY,JOR505,Blue Line,,,,,F,4EG1,40.0,CARRIER,LONG,1
2025,6,IS REY,DE BRV,BRU506,Red Line,,,,,F,45G1,40.0,CARRIER,PURCHASE_AGREEMENT,1
2025,6,IS REY,NL RTM,JOR507,Blue Line,,,,,F,22G1,20.0,CARRIER,PURCHASE_AGREEMENT,2
2025,6,IS REY,NL RTM,JOR507,Blue Line,,,,,F,45G1,40.0,CARRIER,LONG,1
2025,6,IS REY,NL RTM,JOR507,Blue Line,,,,,F,45R1,40.0,CARRIER,PURCHASE_AGREEMENT,1
2025,6,IS GRT,NL RTM,VED506,Blue Line,,,,,E,22G1,20.0,CARRIER,CABOTAGE,2
2025,6,IS GRT,NL RTM,VED506,Blue Line,,,,,F,22GB,20.0,CARRIER,PURCHASE_AGREEMENT,1
2025,6,IS GRT,NL RTM,VED506,Blue Line,,,,,F,22G1,20.0,CARRIER,CABOTAGE,7
2025,6,IS GRT,NL RTM,VED506,Blue Line,,,,,F,22GB,20.0,CARRIER,LONG,1
2025,6,IS GRT,NL RTM,VED506,Blue Line,,,,,F,42P3,40.0,LEASED,MASTER,1
2025,6,IS REY,DE BRV,BRU506,Red Line,,,,,F,22G1,20.0,CARRIER,CABOTAGE,1
2025,6,IS REY,NL RTM,JOR507,Blue Line,,,,,F,4EG1,40.0,CARRIER,LONG,1
2025,6,IS REY,DE BRV,BRU506,Red Line,,,,,F,22G1,20.0,CARRIER,LONG,1
2025,6,IS REY,DE BRV,BRU506,Red Line,,,,,F,22G1,20.0,LEASED,PURCHASE,2
2025,6,IS REY,NL RTM,JOR507,Blue Line,,,,,F,22G1,20.0,LEASED,PURCHASE,1
2025,6,IS REY,DE BRV,TUK505,Red Line,,,,,E,45G1,40.0,CARRIER,CABOTAGE,1
2025,6,IS REY,DE BRV,TUK505,Red Line,,,,,E,45G1,40.0,LEASED,ONEWAY,1
2025,6,IS REY,DE BRV,TUK505,Red Line,,,,,F,22G1,20.0,CARRIER,LONG,1
2025,6,IS REY,DE BRV,TUK505,Red Line,,,,,F,45R1,40.0,CARRIER,LONG,5
2025,6,IS REY,DE BRV,TUK505,Red Line,,,,,E,45U1,40.0,CARRIER,LONG,1
2025,6,IS REY,DE BRV,TUK505,Red Line,,,,,E,4EG1,40.0,CARRIER,LONG,2
2025,6,IS REY,DE BRV,TUK505,Red Line,,,,,F,45R1,40.0,LEASED,ONEWAY,1
2025,6,IS REY,DE BRV,TUK505,Red Line,,,,,E,42P3,40.0,CARRIER,,1
2025,6,IS REY,DK AAR,TUK505,Red Line,,,,,F,45G1,40.0,CARRIER,CABOTAGE,1
2025,6,IS REY,DK AAR,TUK505,Red Line,,,,,F,45GB,40.0,CARRIER,LONG,1
2025,6,IS REY,DK AAR,TUK505,Red Line,,,,,F,45R1,40.0,CARRIER,LONG,2
2025,6,IS REY,DK AAR,TUK505,Red Line,,,,,F,22K0,20.0,SHIPPER,,1
2025,6,IS REY,FO THO,LAG506,Yellow Line,,,,,F,45R1,40.0,CARRIER,LONG,1
2025,6,IS REY,GB IMM,LAG506,Yellow Line,,,,,F,22G1,20.0,CARRIER,LONG,1
2025,6,IS REY,GB TEE,VED506,Blue Line,,,,,E,45P3,40.0,CARRIER,PURCHASE_AGREEMENT,1
2025,6,IS REY,GB TEE,VED506,Blue Line,,,,,E,45G1,40.0,CARRIER,PURCHASE_AGREEMENT,1
2025,6,IS REY,IS GRT,VED504,Blue Line,,,,,E,22G1,20.0,CARRIER,PURCHASE_AGREEMENT,5
2025,6,IS REY,NL RTM,VED506,Blue Line,,,,,E,45G1,40.0,CARRIER,CABOTAGE,8
2025,6,IS REY,NL RTM,VED506,Blue Line,,,,,F,45G1,40.0,CARRIER,CABOTAGE,1
2025,6,IS REY,NL RTM,VED506,Blue Line,,,,,F,42U1,40.0,CARRIER,LONG,1
2025,6,IS REY,NL RTM,VED506,Blue Line,,,,,F,LNRB,45.0,CARRIER,PURCHASE_AGREEMENT,2
2025,6,IS REY,NL RTM,VED506,Blue Line,,,,,F,45R1,40.0,CARRIER,PURCHASE_AGREEMENT,16
2025,6,IS REY,NL RTM,VED506,Blue Line,,,,,F,EMKD,26.0,SHIPPER,,1
2025,6,IS REY,NL RTM,VED506,Blue Line,,,,,E,22K0,20.0,CARRIER,LONG,1
2025,6,IS REY,NO FRK,LAG506,Yellow Line,,,,,F,22K0,20.0,SHIPPER,,1
2025,6,IS REY,SE HEL,TUK505,Red Line,,,,,F,45G1,40.0,CARRIER,PURCHASE_AGREEMENT,4
2025,6,IS REY,SE HEL,TUK505,Red Line,,,,,F,45G1,40.0,CARRIER,LONG,9
2025,6,IS REY,SE HEL,TUK505,Red Line,,,,,E,4EG1,40.0,CARRIER,LONG,2
2025,6,IS REY,SE HEL,TUK505,Red Line,,,,,E,42G1,40.0,CARRIER,LONG,1
2025,6,IS REY,SE HEL,TUK505,Red Line,,,,,E,45R1,40.0,CARRIER,PURCHASE_AGREEMENT,1
2025,6,IS REY,SE HEL,TUK505,Red Line,,,,,E,45R1,40.0,CARRIER,LONG,1
2025,6,IS REY,US PWM,VIV506,Green Line,,,,,F,45G1,40.0,CARRIER,PURCHASE_AGREEMENT,2
2025,6,IS REY,US PWM,VIV506,Green Line,,,,,F,45G1,40.0,CARRIER,LONG,12
2025,6,IS REY,US PWM,VIV506,Green Line,,,,,F,LNRB,45.0,CARRIER,PURCHASE_AGREEMENT,1
2025,6,IS REY,FO THO,SKO507,Yellow Line,,,,,F,45G1,40.0,CARRIER,PURCHASE_AGREEMENT,1
2025,6,IS REY,DE BRV,BRU506,Red Line,,,,,F,45G1,40.0,CARRIER,LONG,1
2025,6,IS REY,FO THO,SKO507,Yellow Line,,,,,F,45G1,40.0,CARRIER,LONG,3
2025,6,IS REY,NL RTM,JOR507,Blue Line,,,,,F,45R1,40.0,CARRIER,PURCHASE_AGREEMENT,2
2025,6,IS REY,FO THO,SKO507,Yellow Line,,,,,F,45G1,40.0,LEASED,MASTER,1
2025,6,NL RTM,IS GRT,JOR505,Blue Line,,,,,E,22G1,20.0,CARRIER,CABOTAGE,6
2025,6,NL RTM,IS GRT,JOR505,Blue Line,,,,,E,22GB,20.0,CARRIER,CABOTAGE,1
2025,6,NL RTM,IS GRT,JOR505,Blue Line,,,,,F,22G1,20.0,CARRIER,CABOTAGE,1
2025,6,NL RTM,IS GRT,JOR505,Blue Line,,,,,E,22GB,20.0,CARRIER,LONG,1
2025,6,NL RTM,IS GRT,JOR505,Blue Line,,,,,E,22GB,20.0,CARRIER,PURCHASE_AGREEMENT,1
2025,6,NL RTM,IS GRT,JOR505,Blue Line,,,,,E,22G1,20.0,LEASED,MASTER,5
2025,6,NL RTM,IS REY,JOR505,Blue Line,,,,,E,22G1,20.0,CARRIER,CABOTAGE,2
2025,6,NL RTM,IS REY,JOR505,Blue Line,,,,,F,45P3,40.0,CARRIER,PURCHASE_AGREEMENT,1
2025,6,NL RTM,IS REY,JOR505,Blue Line,,,,,F,42P3,40.0,CARRIER,PURCHASE_AGREEMENT,1
2025,6,NL RTM,IS REY,JOR505,Blue Line,IS REY,US PWM,AVA507,Green Line,F,45G1,40.0,CARRIER,CABOTAGE,1
2025,6,NL RTM,IS REY,JOR505,Blue Line,IS REY,IS VES,SKO507,Yellow Line,F,45G1,40.0,CARRIER,CABOTAGE,2
2025,6,NL RTM,IS REY,JOR505,Blue Line,IS REY,US PWM,AVA507,Green Line,F,45G1,40.0,CARRIER,LONG,1
2025,6,NL RTM,IS REY,JOR505,Blue Line,IS REY,CA NWP,BAK511,Green Line,F,45P3,40.0,CARRIER,LONG,1
2025,6,NL RTM,IS REY,JOR505,Blue Line,IS REY,IS VES,SKO507,Yellow Line,F,4EG1,40.0,CARRIER,LONG,2
2025,6,NL RTM,IS REY,JOR505,Blue Line,,,,,F,22K0,20.0,CARRIER,LONG,1
2025,6,NL RTM,IS REY,JOR505,Blue Line,IS REY,IS RFJ,BRU506,Red Line,F,45R1,40.0,CARRIER,PURCHASE_AGREEMENT,1
2025,6,NL RTM,IS REY,JOR505,Blue Line,IS REY,US PWM,BAK508,Green Line,F,45R1,40.0,CARRIER,PURCHASE_AGREEMENT,1
2025,6,NL RTM,IS REY,JOR505,Blue Line,IS REY,CA HAL,AVA507,Green Line,F,45R1,40.0,CARRIER,LONG,1
2025,6,NL RTM,IS REY,JOR505,Blue Line,,,,,F,45R1,40.0,CARRIER,LONG,16
2025,6,NL RTM,IS REY,JOR505,Blue Line,,,,,F,LNRB,45.0,CARRIER,LONG,1
2025,6,NL RTM,IS REY,JOR505,Blue Line,,,,,F,22K0,20.0,SHIPPER,,2
2025,6,NL RTM,IS REY,JOR505,Blue Line,IS REY,US PWM,AVA507,Green Line,F,22K0,20.0,SHIPPER,,1
2025,6,NL RTM,IS REY,JOR505,Blue Line,,,,,E,42P3,40.0,CARRIER,LONG,1
2025,6,NL RTM,IS REY,JOR505,Blue Line,,,,,E,22G1,20.0,CARRIER,LONG,5
2025,6,NL RTM,IS REY,JOR505,Blue Line,,,,,E,LNRB,45.0,CARRIER,LONG,1
2025,6,NL RTM,IS REY,JOR505,Blue Line,,,,,F,LNRB,45.0,LEASED,PURCHASE,1
2025,6,NL RTM,IS REY,JOR505,Blue Line,,,,,F,22R1,20.0,LEASED,PURCHASE,1
2025,6,NL RTM,IS REY,JOR505,Blue Line,,,,,E,22G1,20.0,LEASED,MASTER,1
2025,6,NL RTM,IS REY,JOR505,Blue Line,,,,,E,22G1,20.0,LEASED,PURCHASE,1
2025,6,NL RTM,IS REY,JOR505,Blue Line,,,,,E,22K2,20.0,SHIPPER,,1
2025,6,PL SWI,DK AAR,SKO505,Yellow Line,,,,,E,45GB,40.0,CARRIER,PURCHASE_AGREEMENT,1
2025,6,PL SWI,IS REY,SKO505,Yellow Line,IS REY,IS VES,SEL508,Yellow Line,F,45G1,40.0,CARRIER,CABOTAGE,1
2025,6,PL SWI,IS REY,SKO505,Yellow Line,,,,,F,42P3,40.0,CARRIER,LONG,2
2025,6,SE HEL,DK AAR,DET504,Red Line,,,,,F,22G1,20.0,LEASED,ONEWAY,1
2025,6,SE HEL,DK AAR,DET504,Red Line,,,,,F,22U1,20.0,LEASED,ONEWAY,1
2025,6,SE HEL,FO THO,DET504,Red Line,,,,,E,42P3,40.0,CARRIER,LONG,1
2025,6,SE HEL,IS REY,DET504,Red Line,IS REY,IS GRT,JOR505,Blue Line,F,22G1,20.0,CARRIER,PURCHASE_AGREEMENT,1
2025,6,SE HEL,IS REY,DET504,Red Line,,,,,F,45GB,40.0,CARRIER,PURCHASE_AGREEMENT,1
2025,6,SE HEL,IS REY,DET504,Red Line,,,,,F,45G1,40.0,CARRIER,LONG,4
2025,6,SE HEL,IS REY,DET504,Red Line,,,,,F,45R1,40.0,CARRIER,LONG,2
2025,6,SE HEL,IS REY,DET504,Red Line,,,,,F,42P3,40.0,LEASED,MASTER,1
2025,6,SE HEL,IS REY,DET504,Red Line,IS REY,IS GRT,JOR505,Blue Line,E,22G1,20.0,CARRIER,PURCHASE_AGREEMENT,3
2025,6,US PWM,IS REY,BAK505,Green Line,,,,,E,22G1,20.0,CARRIER,CABOTAGE,1
2025,6,US PWM,IS REY,BAK505,Green Line,IS REY,GB IMM,SKO509,Yellow Line,F,45G1,40.0,CARRIER,PURCHASE_AGREEMENT,4
2025,6,US PWM,IS REY,BAK505,Green Line,IS REY,DE BRV,TUK508,Red Line,F,45G1,40.0,CARRIER,PURCHASE_AGREEMENT,1
2025,6,US PWM,IS REY,BAK505,Green Line,IS REY,NL RTM,JOR509,Blue Line,F,45G1,40.0,CARRIER,CABOTAGE,1
2025,6,US PWM,IS REY,BAK505,Green Line,IS REY,DE BRV,TUK508,Red Line,F,45G1,40.0,CARRIER,LONG,4
2025,6,US PWM,IS REY,BAK505,Green Line,,,,,F,45R1,40.0,CARRIER,LONG,2
2025,6,US PWM,IS REY,BAK505,Green Line,IS REY,NL RTM,JOR509,Blue Line,F,45R1,40.0,CARRIER,LONG,2
2025,6,US PWM,IS REY,BAK505,Green Line,,,,,E,22G1,20.0,CARRIER,LONG,5
2025,6,US PWM,IS REY,BAK505,Green Line,,,,,E,45G1,40.0,CARRIER,LONG,10
2025,6,US PWM,IS REY,BAK505,Green Line,,,,,E,45R1,40.0,CARRIER,LONG,11
2025,7,CA HAL,IS REY,BAK505,Green Line,,,,,E,45G1,40.0,CARRIER,CABOTAGE,1
2025,7,CA HAL,IS REY,BAK505,Green Line,,,,,F,22G1,20.0,CARRIER,LONG,1
2025,7,CA HAL,IS REY,BAK505,Green Line,,,,,F,45R1,40.0,CARRIER,LONG,1
2025,7,CA HAL,IS REY,BAK505,Green Line,IS REY,NL RTM,JOR509,Blue Line,F,45R1,40.0,CARRIER,LONG,1
2025,7,CA HAL,IS REY,BAK505,Green Line,,,,,F,42P3,40.0,LEASED,ONEWAY,1
2025,7,CA HAL,IS REY,BAK505,Green Line,,,,,E,45R1,40.0,CARRIER,LONG,2
2025,7,CA NWP,IS REY,BAK505,Green Line,,,,,F,45G1,40.0,CARRIER,PURCHASE_AGREEMENT,1
2025,7,CA NWP,IS REY,BAK505,Green Line,IS REY,NL RTM,JOR509,Blue Line,F,22G1,20.0,CARRIER,CABOTAGE,1
2025,7,CA NWP,IS REY,BAK505,Green Line,IS REY,NO FRK,LAG510,Yellow Line,F,45G1,40.0,CARRIER,LONG,1
2025,7,CA NWP,IS REY,BAK505,Green Line,IS REY,NL RTM,JOR509,Blue Line,F,22G1,20.0,SHIPPER,,1
2025,7,DE BRV,FO THO,TUK505,Red Line,,,,,F,22G1,20.0,CARRIER,LONG,1
2025,7,DE BRV,IS REY,TUK505,Red Line,IS REY,US PWM,BAK511,Green Line,F,42P3,40.0,CARRIER,CABOTAGE,1
2025,7,DE BRV,IS REY,TUK505,Red Line,IS REY,IS GRT,JOR507,Blue Line,F,45G1,40.0,CARRIER,LONG,1
2025,7,DE BRV,IS REY,TUK505,Red Line,,,,,F,42P3,40.0,CARRIER,LONG,1
2025,7,DE BRV,IS REY,TUK505,Red Line,IS REY,CA NWP,VIV509,Green Line,F,LNRB,45.0,CARRIER,LONG,1
2025,7,DE BRV,IS REY,TUK505,Red Line,,,,,F,45R1,40.0,CARRIER,LONG,1
2025,7,DE BRV,IS REY,TUK505,Red Line,,,,,F,45G1,40.0,LEASED,MASTER,1
2025,7,DE BRV,IS REY,TUK505,Red Line,,,,,F,45G1,40.0,LEASED,ONEWAY,1
2025,7,DE BRV,IS REY,TUK505,Red Line,,,,,F,45G1,40.0,LEASED,ONEWAY,1
2025,7,DE BRV,IS REY,TUK505,Red Line,,,,,E,42P3,40.0,CARRIER,LONG,1
2025,7,DK AAR,FO THO,TUK505,Red Line,,,,,F,22B0,20.0,CARRIER,PURCHASE_AGREEMENT,1
2025,7,DK AAR,FO THO,TUK505,Red Line,,,,,F,42P3,40.0,CARRIER,PURCHASE_AGREEMENT,2
2025,7,DK AAR,FO THO,TUK505,Red Line,,,,,F,22G1,20.0,CARRIER,CABOTAGE,1
2025,7,DK AAR,FO THO,TUK505,Red Line,,,,,F,22G1,20.0,CARRIER,LONG,2
2025,7,DK AAR,FO THO,LAG506,Yellow Line,,,,,F,42P3,40.0,CARRIER,LONG,1
2025,7,DK AAR,FO THO,TUK505,Red Line,,,,,F,45G1,40.0,CARRIER,LONG,3
2025,7,DK AAR,FO THO,LAG506,Yellow Line,,,,,F,4EG1,40.0,CARRIER,LONG,2
2025,7,DK AAR,FO THO,LAG506,Yellow Line,,,,,F,22U1,20.0,LEASED,ONEWAY,1
2025,7,DK AAR,FO THO,LAG506,Yellow Line,,,,,F,45G1,40.0,LEASED,ONEWAY,1
2025,7,DK AAR,FO THO,LAG506,Yellow Line,,,,,F,45G1,40.0,SHIPPER,,1
2025,7,DK AAR,FO THO,LAG506,Yellow Line,,,,,F,45R1,40.0,SHIPPER,,1
2025,7,DK AAR,FO THO,LAG506,Yellow Line,,,,,F,45R1,40.0,LEASED,ONEWAY,1
2025,7,DK AAR,IS REY,TUK505,Red Line,,,,,F,42P3,40.0,CARRIER,PURCHASE_AGREEMENT,1
2025,7,DK AAR,IS REY,TUK505,Red Line,,,,,F,4EG1,40.0,CARRIER,PURCHASE_AGREEMENT,1
2025,7,DK AAR,IS REY,TUK505,Red Line,IS REY,US PWM,BAK508,Green Line,F,42P3,40.0,CARRIER,PURCHASE_AGREEMENT,1
2025,7,DK AAR,IS REY,TUK505,Red Line,,,,,F,45G1,40.0,CARRIER,CABOTAGE,9
2025,7,DK AAR,IS REY,TUK505,Red Line,IS REY,CA NWP,VIV509,Green Line,F,22G1,20.0,CARRIER,CABOTAGE,1
2025,7,DK AAR,IS REY,TUK505,Red Line,IS REY,CA HAL,VIV509,Green Line,F,22G1,20.0,CARRIER,LONG,3
2025,7,DK AAR,IS REY,TUK505,Red Line,,,,,F,4EG1,40.0,CARRIER,LONG,1
2025,7,DK AAR,IS REY,LAG506,Yellow Line,,,,,F,45R1,40.0,CARRIER,PURCHASE_AGREEMENT,1
2025,7,DK AAR,IS REY,TUK505,Red Line,,,,,F,45G1,40.0,LEASED,MASTER,2
2025,7,DK AAR,IS REY,TUK505,Red Line,,,,,F,45G1,40.0,LEASED,ONEWAY,1
2025,7,FO THO,DK AAR,BRU506,Red Line,,,,,F,42U1,40.0,CARRIER,LONG,1
2025,7,FO THO,DK AAR,BRU506,Red Line,,,,,F,22K0,20.0,SHIPPER,,1
2025,7,FO THO,DK AAR,BRU506,Red Line,,,,,E,42P3,40.0,CARRIER,LONG,2
2025,7,FO THO,DK AAR,BRU506,Red Line,,,,,E,4EG1,40.0,CARRIER,LONG,2
2025,7,FO THO,DK AAR,BRU506,Red Line,,,,,E,55P3,45.0,CARRIER,PURCHASE_AGREEMENT,1
2025,7,FO THO,DK AAR,BRU506,Red Line,,,,,E,45G1,40.0,CARRIER,PURCHASE_AGREEMENT,4
2025,7,FO THO,DK AAR,BRU506,Red Line,,,,,E,42P3,40.0,LEASED,MASTER,2
2025,7,FO THO,IS REY,TUK505,Red Line,IS REY,CA HAL,VIV509,Green Line,F,45R1,40.0,CARRIER,PURCHASE_AGREEMENT,1
2025,7,FO THO,IS REY,TUK505,Red Line,IS REY,US PWM,BAK508,Green Line,F,45R1,40.0,CARRIER,PURCHASE_AGREEMENT,1
2025,7,FO THO,IS REY,TUK505,Red Line,IS REY,CA HAL,VIV509,Green Line,F,45R1,40.0,CARRIER,LONG,1
2025,7,FO THO,PL SWI,SKO507,Yellow Line,,,,,F,22G1,20.0,CARRIER,LONG,1
2025,7,FO THO,PL SWI,SKO507,Yellow Line,,,,,F,4EG1,40.0,CARRIER,LONG,1
2025,7,FO THO,PL SWI,SKO507,Yellow Line,,,,,F,45R1,40.0,LEASED,ONEWAY,2
2025,7,FO THO,PL SWI,SKO507,Yellow Line,,,,,E,42P3,40.0,CARRIER,PURCHASE_AGREEMENT,1
2025,7,FO THO,PL SWI,SKO507,Yellow Line,,,,,E,45P3,40.0,CARRIER,PURCHASE_AGREEMENT,2
2025,7,FO THO,PL SWI,SKO507,Yellow Line,,,,,E,42P3,40.0,LEASED,MASTER,1
2025,7,FO THO,SE HEL,BRU506,Red Line,,,,,F,22G1,20.0,LEASED,MASTER,1
2025,7,GB IMM,FO THO,LAG506,Yellow Line,,,,,F,22G1,20.0,CARRIER,LONG,1
2025,7,GB IMM,FO THO,LAG506,Yellow Line,,,,,F,45R1,40.0,CARRIER,PURCHASE_AGREEMENT,2
2025,7,GB IMM,FO THO,LAG506,Yellow Line,,,,,E,45R1,40.0,CARRIER,PURCHASE_AGREEMENT,3
2025,7,GB IMM,FO THO,LAG506,Yellow Line,,,,,E,LNRB,45.0,CARRIER,LONG,6
2025,7,GB IMM,FO THO,LAG506,Yellow Line,,,,,E,45R1,40.0,CARRIER,LONG,1
2025,7,GB IMM,FO THO,LAG506,Yellow Line,,,,,E,LNRB,45.0,LEASED,PURCHASE,1
2025,7,GB IMM,IS REY,LAG506,Yellow Line,,,,,F,22K0,20.0,CARRIER,LONG,1
2025,7,GB IMM,IS REY,LAG506,Yellow Line,IS REY,US PWM,BAK508,Green Line,F,45R1,40.0,CARRIER,LONG,1
2025,7,GB IMM,IS REY,LAG506,Yellow Line,,,,,F,45R1,40.0,CARRIER,LONG,2
2025,7,GB TEE,IS REY,VED506,Blue Line,,,,,F,42P3,40.0,CARRIER,PURCHASE_AGREEMENT,1
2025,7,GB TEE,IS REY,VED506,Blue Line,,,,,F,45G1,40.0,CARRIER,LONG,2
2025,7,GB TEE,IS REY,VED506,Blue Line,,,,,F,45R1,40.0,CARRIER,PURCHASE_AGREEMENT,2
2025,7,GB TEE,IS REY,VED506,Blue Line,,,,,F,22G1,20.0,LEASED,MASTER,1
2025,7,IS REY,NL RTM,VED508,Blue Line,,,,,F,4EG1,40.0,CARRIER,PURCHASE_AGREEMENT,1
2025,7,IS REY,US PWM,BAK508,Green Line,,,,,F,45R1,40.0,CARRIER,PURCHASE_AGREEMENT,1
2025,7,IS REY,NL RTM,VED508,Blue Line,,,,,F,45R1,40.0,CARRIER,PURCHASE_AGREEMENT,2
2025,7,IS REY,CA HAL,VIV509,Green Line,,,,,F,45R1,40.0,CARRIER,LONG,1
2025,7,IS REY,NL RTM,VED508,Blue Line,,,,,F,45R1,40.0,CARRIER,LONG,1
2025,7,IS REY,NL RTM,VED508,Blue Line,,,,,F,22K0,20.0,SHIPPER,,1
2025,7,IS GRT,IS REY,JOR507,Blue Line,,,,,E,22G1,20.0,CARRIER,CABOTAGE,1
2025,7,IS GRT,IS REY,JOR507,Blue Line,IS REY,GB IMM,SEL508,Yellow Line,F,22G1,20.0,CARRIER,PURCHASE_AGREEMENT,1
2025,7,IS GRT,IS REY,JOR507,Blue Line,IS REY,GB IMM,SEL508,Yellow Line,F,22G1,20.0,CARRIER,LONG,1
2025,7,IS GRT,IS REY,JOR507,Blue Line,,,,,E,22G1,20.0,CARRIER,LONG,1
2025,7,IS GRT,NL RTM,JOR507,Blue Line,,,,,F,42P3,40.0,CARRIER,LONG,3
2025,7,IS GRT,NL RTM,JOR507,Blue Line,,,,,F,22G1,20.0,LEASED,PURCHASE,1
2025,7,IS REY,NL RTM,VED508,Blue Line,,,,,F,22G1,20.0,CARRIER,CABOTAGE,1
2025,7,IS REY,NL RTM,VED508,Blue Line,,,,,F,45G1,40.0,CARRIER,CABOTAGE,1
2025,7,IS REY,NL RTM,VED508,Blue Line,,,,,F,22G1,20.0,CARRIER,LONG,1
2025,7,IS REY,NL RTM,VED508,Blue Line,,,,,F,22G1,20.0,LEASED,PURCHASE,1
2025,7,IS REY,DK AAR,BRU506,Red Line,,,,,F,45U1,40.0,CARRIER,PURCHASE_AGREEMENT,1
2025,7,IS REY,CA HAL,AVA507,Green Line,,,,,F,45G1,40.0,CARRIER,PURCHASE_AGREEMENT,1
2025,7,IS REY,DE BRV,BRU506,Red Line,,,,,F,45G1,40.0,CARRIER,LONG,4
2025,7,IS REY,DE BRV,BRU506,Red Line,,,,,F,22G1,20.0,CARRIER,LONG,1
2025,7,IS REY,DE BRV,BRU506,Red Line,,,,,F,45R1,40.0,CARRIER,PURCHASE_AGREEMENT,3
2025,7,IS REY,DK AAR,SKO507,Yellow Line,,,,,E,45G1,40.0,CARRIER,CABOTAGE,5
2025,7,IS REY,DK AAR,BRU506,Red Line,,,,,E,22G1,20.0,LEASED,ONEWAY,1
2025,7,IS REY,DK AAR,BRU506,Red Line,,,,,F,45G1,40.0,CARRIER,LONG,1
2025,7,IS REY,DK AAR,BRU506,Red Line,,,,,F,22G1,20.0,LEASED,MASTER,1
2025,7,IS REY,DK AAR,BRU506,Red Line,,,,,E,22K0,20.0,CARRIER,LONG,1
2025,7,IS REY,DK AAR,BRU506,Red Line,,,,,F,45R1,40.0,LEASED,ONEWAY,1
2025,7,IS REY,DK AAR,BRU506,Red Line,,,,,E,45G1,40.0,CARRIER,PURCHASE_AGREEMENT,6
2025,7,IS REY,FO THO,BRU506,Red Line,FO THO,GB IMM,SKO507,Yellow Line,F,45R1,40.0,CARRIER,PURCHASE_AGREEMENT,1
2025,7,IS REY,FO THO,SKO507,Yellow Line,,,,,F,45R1,40.0,CARRIER,PURCHASE_AGREEMENT,1
2025,7,IS REY,FO THO,BRU506,Red Line,FO THO,GB IMM,SKO507,Yellow Line,F,45R1,40.0,CARRIER,LONG,1
2025,7,IS REY,IS RFJ,BRU506,Red Line,,,,,E,45R1,40.0,CARRIER,PURCHASE_AGREEMENT,1
2025,7,IS REY,IS VES,SKO507,Yellow Line,,,,,F,45G1,40.0,CARRIER,PURCHASE_AGREEMENT,1
2025,7,IS REY,IS VES,SKO507,Yellow Line,,,,,F,22G1,20.0,CARRIER,LONG,1
2025,7,IS REY,IS VES,SKO507,Yellow Line,,,,,F,45R1,40.0,CARRIER,LONG,1
2025,7,IS REY,IS VES,SKO507,Yellow Line,,,,,E,45R1,40.0,CARRIER,LONG,1
2025,7,IS REY,NL RTM,JOR507,Blue Line,,,,,E,22G1,20.0,LEASED,ONEWAY,2
2025,7,IS REY,NL RTM,JOR507,Blue Line,,,,,F,4EG1,40.0,CARRIER,LONG,1
2025,7,IS REY,NL RTM,JOR507,Blue Line,,,,,F,22G1,20.0,CARRIER,LONG,1
2025,7,IS REY,NL RTM,JOR507,Blue Line,,,,,F,45G1,40.0,LEASED,MASTER,1
2025,7,IS REY,NL RTM,JOR507,Blue Line,,,,,E,42U1,40.0,CARRIER,LONG,1
2025,7,IS REY,NL RTM,JOR507,Blue Line,,,,,F,45R1,40.0,LEASED,ONEWAY,1
2025,7,IS REY,NL RTM,JOR507,Blue Line,,,,,F,LNRB,45.0,LEASED,PURCHASE,1
2025,7,IS REY,NL RTM,JOR507,Blue Line,,,,,E,22U1,20.0,CARRIER,PURCHASE_AGREEMENT,3
2025,7,IS REY,NL RTM,JOR507,Blue Line,,,,,E,4EG1,40.0,CARRIER,PURCHASE_AGREEMENT,3
2025,7,IS REY,PL SWI,SKO507,Yellow Line,,,,,E,42P3,40.0,CARRIER,LONG,1
2025,7,IS REY,SE HEL,BRU506,Red Line,,,,,F,4EG1,40.0,CARRIER,PURCHASE_AGREEMENT,1
2025,7,IS REY,SE HEL,BRU506,Red Line,,,,,F,45R1,40.0,CARRIER,PURCHASE_AGREEMENT,1
2025,7,IS REY,SE HEL,BRU506,Red Line,,,,,E,45R1,40.0,CARRIER,LONG,1
2025,7,IS REY,US PWM,AVA507,Green Line,,,,,F,45G1,40.0,CARRIER,PURCHASE_AGREEMENT,1
2025,7,IS REY,US PWM,AVA507,Green Line,,,,,F,22G1,20.0,CARRIER,LONG,1
2025,7,IS RFJ,DE BRV,BRU506,Red Line,,,,,F,LNRB,45.0,CARRIER,PURCHASE_AGREEMENT,1
2025,7,IS RFJ,DE BRV,BRU506,Red Line,,,,,F,45R1,40.0,LEASED,ONEWAY,1
2025,7,IS RFJ,FO THO,BRU506,Red Line,FO THO,PL SWI,SKO507,Yellow Line,F,45R1,40.0,CARRIER,PURCHASE_AGREEMENT,1
2025,7,IS RFJ,FO THO,BRU506,Red Line,,,,,F,22R1,20.0,LEASED,PURCHASE,1
2025,7,IS REY,FO THO,LAG507,Red Line,,,,,F,4EG1,40.0,CARRIER,LONG,1
2025,7,IS REY,FO THO,SEL508,Yellow Line,,,,,F,45G1,40.0,CARRIER,LONG,1
2025,7,IS REY,FO THO,LAG507,Red Line,,,,,F,45G1,40.0,CARRIER,LONG,2
2025,7,NL RTM,GB TEE,VED506,Blue Line,,,,,E,45R1,40.0,CARRIER,PURCHASE_AGREEMENT,1
2025,7,NL RTM,IS GRT,VED506,Blue Line,,,,,E,22GB,20.0,CARRIER,CABOTAGE,1
2025,7,NL RTM,IS GRT,VED506,Blue Line,,,,,F,22G1,20.0,LEASED,MASTER,1
2025,7,NL RTM,IS GRT,VED506,Blue Line,,,,,E,22G1,20.0,CARRIER,LONG,13
2025,7,NL RTM,IS GRT,VED506,Blue Line,,,,,E,45P3,40.0,CARRIER,LONG,6
2025,7,NL RTM,IS GRT,VED506,Blue Line,,,,,E,22G1,20.0,LEASED,MASTER,4
2025,7,NL RTM,IS REY,VED506,Blue Line,,,,,E,22G1,20.0,CARRIER,CABOTAGE,1
2025,7,NL RTM,IS REY,VED506,Blue Line,,,,,F,45P3,40.0,CARRIER,PURCHASE_AGREEMENT,1
2025,7,NL RTM,IS REY,VED506,Blue Line,IS REY,US PWM,BAK508,Green Line,F,45G1,40.0,CARRIER,CABOTAGE,1
2025,7,NL RTM,IS REY,VED506,Blue Line,IS REY,FO THO,SEL508,Yellow Line,F,45G1,40.0,CARRIER,CABOTAGE,2
2025,7,NL RTM,IS REY,VED506,Blue Line,,,,,F,45G1,40.0,CARRIER,LONG,1
2025,7,NL RTM,IS REY,VED506,Blue Line,,,,,F,42P3,40.0,CARRIER,LONG,1
2025,7,NL RTM,IS REY,VED506,Blue Line,IS REY,CA NWP,VIV509,Green Line,F,45P3,40.0,CARRIER,LONG,2
2025,7,NL RTM,IS REY,VED506,Blue Line,,,,,F,45G1,40.0,CARRIER,LONG,1
2025,7,NL RTM,IS REY,VED506,Blue Line,IS REY,US PWM,BAK508,Green Line,F,45G1,40.0,CARRIER,LONG,2
2025,7,NL RTM,IS REY,VED506,Blue Line,,,,,F,45R1,40.0,CARRIER,PURCHASE_AGREEMENT,9
2025,7,NL RTM,IS REY,VED506,Blue Line,,,,,F,LNRB,45.0,CARRIER,PURCHASE_AGREEMENT,2
2025,7,NL RTM,IS REY,VED506,Blue Line,IS REY,IS RFJ,LAG507,Red Line,F,4EG1,40.0,LEASED,MASTER,1
2025,7,NL RTM,IS REY,VED506,Blue Line,,,,,F,22G1,20.0,LEASED,ONEWAY,8
2025,7,NL RTM,IS REY,VED506,Blue Line,,,,,F,22G1,20.0,SHIPPER,,1
2025,7,NL RTM,IS REY,VED506,Blue Line,IS REY,US PWM,BAK508,Green Line,F,22K0,20.0,SHIPPER,,1
2025,7,NL RTM,IS REY,VED506,Blue Line,,,,,E,22G1,20.0,CARRIER,LONG,1
2025,7,NL RTM,IS REY,VED506,Blue Line,,,,,F,45G1,40.0,LEASED,,1
2025,7,NL RTM,IS REY,VED506,Blue Line,,,,,F,45G1,40.0,SHIPPER,ONEWAY,1
2025,7,NO FRK,IS REY,LAG506,Yellow Line,,,,,F,42P3,40.0,CARRIER,CABOTAGE,1
2025,7,NO FRK,IS REY,LAG506,Yellow Line,,,,,F,22G1,20.0,CARRIER,LONG,2
2025,7,NO FRK,IS REY,LAG506,Yellow Line,IS REY,CA NWP,VIV509,Green Line,F,45G1,40.0,CARRIER,LONG,1
2025,7,NO FRK,IS REY,LAG506,Yellow Line,IS REY,CA NWP,VIV509,Green Line,F,22G1,20.0,CARRIER,LONG,1
2025,7,NO FRK,IS REY,LAG506,Yellow Line,,,,,F,22K0,20.0,CARRIER,LONG,1
2025,7,NO FRK,IS REY,LAG506,Yellow Line,,,,,F,45G1,40.0,CARRIER,LONG,3
2025,7,NO FRK,IS REY,LAG506,Yellow Line,IS REY,NL RTM,JOR509,Blue Line,F,22K0,20.0,SHIPPER,,1
2025,7,NO FRK,IS REY,LAG506,Yellow Line,,,,,F,22K0,20.0,SHIPPER,,1
2025,7,NO FRK,IS REY,LAG506,Yellow Line,,,,,F,42P3,40.0,LEASED,PURCHASE,1
2025,7,SE HEL,FO THO,TUK505,Red Line,,,,,F,45G1,40.0,CARRIER,LONG,1
2025,7,SE HEL,IS REY,TUK505,Red Line,,,,,F,22G1,20.0,CARRIER,CABOTAGE,1
2025,7,SE HEL,IS REY,TUK505,Red Line,,,,,F,22G1,20.0,CARRIER,LONG,5
2025,7,SE HEL,IS REY,TUK505,Red Line,,,,,F,45G1,40.0,CARRIER,LONG,8
2025,7,SE HEL,IS REY,TUK505,Red Line,,,,,F,45R1,40.0,CARRIER,PURCHASE_AGREEMENT,1
2025,7,US PWM,CA HAL,BAK505,Green Line,,,,,E,45P3,40.0,CARRIER,LONG,1
2025,7,US PWM,CA HAL,BAK505,Green Line,,,,,E,42P3,40.0,LEASED,MASTER,1
2025,7,US PWM,CA NWP,BAK505,Green Line,,,,,F,45G1,40.0,CARRIER,LONG,1
2025,7,US PWM,IS REY,VIV506,Green Line,,,,,F,45G1,40.0,CARRIER,CABOTAGE,1
2025,7,US PWM,IS REY,BAK505,Green Line,IS REY,NL RTM,JOR509,Blue Line,F,22G1,20.0,CARRIER,CABOTAGE,1
2025,7,US PWM,IS REY,VIV506,Green Line,,,,,F,22G1,20.0,CARRIER,LONG,1
2025,7,US PWM,IS REY,BAK505,Green Line,,,,,F,22G1,20.0,CARRIER,LONG,1
2025,7,US PWM,IS REY,VIV506,Green Line,IS REY,NL RTM,VED510,Blue Line,F,45G1,40.0,CARRIER,LONG,6
2025,7,US PWM,IS REY,VIV506,Green Line,IS REY,NL RTM,VED510,Blue Line,F,45R1,40.0,CARRIER,PURCHASE_AGREEMENT,1
2025,7,US PWM,IS REY,BAK505,Green Line,IS REY,NL RTM,JOR509,Blue Line,F,45R1,40.0,CARRIER,LONG,1
2025,7,US PWM,IS REY,BAK505,Green Line,,,,,E,22G1,20.0,CARRIER,LONG,1
2025,7,US PWM,IS REY,BAK505,Green Line,,,,,E,45G1,40.0,CARRIER,LONG,4
2025,7,US PWM,IS REY,VIV506,Green Line,,,,,E,45RB,40.0,CARRIER,PURCHASE_AGREEMENT,1
2025,7,US PWM,IS REY,VIV506,Green Line,,,,,E,22G1,20.0,LEASED,MASTER,2
2025,8,CA HAL,IS REY,AVA507,Green Line,IS REY,DK AAR,DET510,Red Line,F,45G1,40.0,CARRIER,CABOTAGE,1
2025,8,CA HAL,IS REY,VIV506,Green Line,,,,,F,45G1,40.0,CARRIER,LONG,2
2025,8,CA HAL,IS REY,VIV506,Green Line,IS REY,IS RFJ,BRU509,Red Line,F,45R1,40.0,CARRIER,PURCHASE_AGREEMENT,1
2025,8,CA HAL,IS REY,AVA507,Green Line,IS REY,NL RTM,JOR511,Blue Line,F,45R1,40.0,CARRIER,PURCHASE_AGREEMENT,2
2025,8,CA HAL,IS REY,VIV506,Green Line,IS REY,GB IMM,LAG510,Yellow Line,F,45R1,40.0,CARRIER,LONG,1
2025,8,CA HAL,IS REY,VIV506,Green Line,,,,,F,22G1,20.0,LEASED,MASTER,1
2025,8,CA HAL,IS REY,VIV506,Green Line,,,,,E,45R1,40.0,CARRIER,LONG,1
2025,8,CA HAL,IS REY,VIV506,Green Line,,,,,E,45G1,40.0,LEASED,PURCHASE,1
2025,8,CA HAL,IS REY,VIV506,Green Line,,,,,E,45G1,40.0,SHIPPER,,1
2025,8,DE BRV,IS REY,BRU506,Red Line,,,,,F,42U1,40.0,CARRIER,LONG,1
2025,8,DE BRV,IS REY,BRU506,Red Line,IS REY,IS VES,LAG510,Yellow Line,F,42P3,40.0,CARRIER,LONG,1
2025,8,DE BRV,IS REY,BRU506,Red Line,,,,,F,45G1,40.0,CARRIER,LONG,5
2025,8,DE BRV,IS REY,BRU506,Red Line,,,,,F,22G1,20.0,CARRIER,LONG,1
2025,8,DE BRV,IS REY,BRU506,Red Line,,,,,F,45R1,40.0,CARRIER,LONG,2
2025,8,DE BRV,IS REY,BRU506,Red Line,IS REY,IS RFJ,TUK508,Red Line,F,45R1,40.0,CARRIER,LONG,1
2025,8,DE BRV,IS REY,BRU506,Red Line,IS REY,IS VES,LAG510,Yellow Line,F,42P3,40.0,LEASED,MASTER,1
2025,8,DE BRV,IS REY,BRU506,Red Line,,,,,F,42G1,40.0,LEASED,ONEWAY,1
2025,8,DE BRV,IS REY,BRU506,Red Line,,,,,F,22G1,20.0,SHIPPER,,1
2025,8,DE BRV,SE HEL,BRU506,Red Line,,,,,E,45R1,40.0,CARRIER,LONG,1
2025,8,DK AAR,FO THO,SKO507,Yellow Line,,,,,E,45R1,40.0,LEASED,ONEWAY,9
2025,8,DK AAR,FO THO,SKO507,Yellow Line,,,,,F,45U1,40.0,CARRIER,PURCHASE_AGREEMENT,1
2025,8,DK AAR,FO THO,SKO507,Yellow Line,,,,,F,42P3,40.0,CARRIER,PURCHASE_AGREEMENT,1
2025,8,DK AAR,FO THO,SKO507,Yellow Line,,,,,F,45R1,40.0,CARRIER,PURCHASE_AGREEMENT,1
2025,8,DK AAR,FO THO,SKO507,Yellow Line,,,,,F,45R1,40.0,SHIPPER,,1
2025,8,DK AAR,FO THO,SKO507,Yellow Line,,,,,F,45R1,40.0,LEASED,ONEWAY,2
2025,8,DK AAR,IS REY,BRU506,Red Line,,,,,E,45G1,40.0,LEASED,ONEWAY,2
2025,8,DK AAR,IS REY,BRU506,Red Line,,,,,F,45G1,40.0,CARRIER,PURCHASE_AGREEMENT,7
2025,8,DK AAR,IS REY,BRU506,Red Line,,,,,F,45U1,40.0,CARRIER,PURCHASE_AGREEMENT,1
2025,8,DK AAR,IS REY,BRU506,Red Line,,,,,F,4EG1,40.0,CARRIER,PURCHASE_AGREEMENT,1
2025,8,DK AAR,IS REY,BRU506,Red Line,IS REY,US PWM,VIV509,Green Line,F,45G1,40.0,CARRIER,PURCHASE_AGREEMENT,1
2025,8,DK AAR,IS REY,SKO507,Yellow Line,,,,,F,45G1,40.0,CARRIER,PURCHASE_AGREEMENT,1
2025,8,DK AAR,IS REY,BRU506,Red Line,,,,,F,22G1,20.0,CARRIER,CABOTAGE,1
2025,8,DK AAR,IS REY,BRU506,Red Line,,,,,F,45G1,40.0,CARRIER,LONG,5
2025,8,DK AAR,IS REY,BRU506,Red Line,,,,,F,22G1,20.0,CARRIER,LONG,1
2025,8,DK AAR,IS REY,SKO507,Yellow Line,IS REY,IS RFJ,BRU509,Red Line,F,4EG1,40.0,CARRIER,LONG,1
2025,8,DK AAR,IS REY,BRU506,Red Line,IS REY,IS RFJ,TUK508,Red Line,F,4EG1,40.0,CARRIER,LONG,1
2025,8,DK AAR,IS REY,BRU506,Red Line,,,,,F,42U1,40.0,CARRIER,LONG,1
2025,8,DK AAR,IS REY,SKO507,Yellow Line,,,,,F,45R1,40.0,CARRIER,PURCHASE_AGREEMENT,1
2025,8,DK AAR,IS REY,BRU506,Red Line,,,,,F,45R1,40.0,CARRIER,PURCHASE_AGREEMENT,5
2025,8,DK AAR,IS REY,BRU506,Red Line,IS REY,US PWM,VIV509,Green Line,F,45R1,40.0,CARRIER,LONG,2
2025,8,DK AAR,IS REY,BRU506,Red Line,,,,,F,45R1,40.0,CARRIER,LONG,2
2025,8,DK AAR,IS REY,BRU506,Red Line,,,,,F,45G1,40.0,LEASED,ONEWAY,1
2025,8,DK AAR,IS REY,BRU506,Red Line,,,,,F,22G1,20.0,LEASED,ONEWAY,1
2025,8,DK AAR,IS REY,BRU506,Red Line,,,,,F,45R1,40.0,LEASED,MASTER,1
2025,8,FO THO,DE BRV,DET507,Red Line,,,,,F,45G1,40.0,CARRIER,LONG,1
2025,8,FO THO,DE BRV,DET507,Red Line,,,,,F,45R1,40.0,CARRIER,PURCHASE_AGREEMENT,1
2025,8,FO THO,DE BRV,DET507,Red Line,,,,,E,42U1,40.0,CARRIER,LONG,2
2025,8,FO THO,DE BRV,DET507,Red Line,,,,,E,45U1,40.0,CARRIER,PURCHASE_AGREEMENT,1
2025,8,FO THO,DE BRV,DET507,Red Line,,,,,E,45G1,40.0,CARRIER,PURCHASE_AGREEMENT,1
2025,8,FO THO,DK AAR,DET507,Red Line,,,,,F,42U1,40.0,CARRIER,PURCHASE_AGREEMENT,1
2025,8,FO THO,DK AAR,DET507,Red Line,,,,,F,45U1,40.0,CARRIER,PURCHASE_AGREEMENT,1
2025,8,FO THO,DK AAR,DET507,Red Line,,,,,F,45G1,40.0,CARRIER,PURCHASE_AGREEMENT,1
2025,8,FO THO,DK AAR,DET507,Red Line,,,,,F,45G1,40.0,CARRIER,LONG,1
2025,8,FO THO,DK AAR,DET507,Red Line,,,,,F,45R1,40.0,CARRIER,PURCHASE_AGREEMENT,1
2025,8,FO THO,DK AAR,DET507,Red Line,,,,,F,45G1,40.0,LEASED,ONEWAY,1
2025,8,FO THO,DK AAR,DET507,Red Line,,,,,E,22G1,20.0,CARRIER,PURCHASE_AGREEMENT,2
2025,8,FO THO,DK AAR,DET507,Red Line,,,,,E,22G1,20.0,LEASED,MASTER,3
2025,8,FO THO,GB IMM,SEL508,Yellow Line,,,,,F,45R1,40.0,CARRIER,PURCHASE_AGREEMENT,1
2025,8,FO THO,IS REY,LAG507,Red Line,,,,,F,45G1,40.0,CARRIER,PURCHASE_AGREEMENT,1
2025,8,FO THO,IS REY,LAG507,Red Line,IS REY,CA NWP,VIV509,Green Line,F,22G1,20.0,CARRIER,LONG,1
2025,8,FO THO,IS REY,LAG507,Red Line,IS REY,US PWM,VIV509,Green Line,F,45R1,40.0,CARRIER,LONG,1
2025,8,FO THO,IS REY,LAG506,Yellow Line,IS REY,US PWM,BAK508,Green Line,F,45R1,40.0,LEASED,ONEWAY,1
2025,8,FO THO,IS REY,LAG507,Red Line,IS REY,IS RFJ,TUK508,Red Line,F,45R1,40.0,LEASED,ONEWAY,1
2025,8,FO THO,SE HEL,DET507,Red Line,,,,,F,45P3,40.0,CARRIER,LONG,1
2025,8,FO THO,SE HEL,DET507,Red Line,,,,,F,22G1,20.0,LEASED,PURCHASE,1
2025,8,FO THO,SE HEL,DET507,Red Line,,,,,E,45R1,40.0,CARRIER,LONG,2
2025,8,GB IMM,FO THO,SKO507,Yellow Line,,,,,F,45G1,40.0,CARRIER,PURCHASE_AGREEMENT,1
2025,8,GB IMM,FO THO,SKO507,Yellow Line,,,,,E,45R1,40.0,CARRIER,PURCHASE_AGREEMENT,1
2025,8,GB IMM,IS REY,SKO507,Yellow Line,IS REY,US PWM,VIV509,Green Line,F,45R1,40.0,CARRIER,PURCHASE_AGREEMENT,1
2025,8,GB TEE,IS REY,JOR507,Blue Line,IS REY,IS VES,LAG510,Yellow Line,F,42P3,40.0,CARRIER,PURCHASE_AGREEMENT,1
2025,8,GB TEE,IS REY,JOR507,Blue Line,IS REY,CA HAL,VIV509,Green Line,F,22G1,20.0,CARRIER,PURCHASE_AGREEMENT,1
2025,8,GB TEE,IS REY,JOR507,Blue Line,IS REY,CA HAL,AVA510,Green Line,F,22G1,20.0,CARRIER,LONG,1
2025,8,GB TEE,IS REY,JOR507,Blue Line,,,,,F,45R1,40.0,CARRIER,PURCHASE_AGREEMENT,1
2025,8,GB TEE,IS REY,JOR507,Blue Line,,,,,F,45G1,40.0,LEASED,ONEWAY,1
2025,8,GB TEE,IS REY,JOR507,Blue Line,,,,,E,45G1,40.0,CARRIER,PURCHASE_AGREEMENT,1
2025,8,IS GRT,IS REY,VED508,Blue Line,IS REY,SE HEL,TUK508,Red Line,F,45P3,40.0,CARRIER,PURCHASE_AGREEMENT,1
2025,8,IS GRT,IS REY,VED508,Blue Line,IS REY,US PWM,BAK508,Green Line,F,22G1,20.0,CARRIER,LONG,1
2025,8,IS GRT,IS REY,VED508,Blue Line,IS REY,SE HEL,TUK508,Red Line,F,45P3,40.0,CARRIER,LONG,3
2025,8,IS GRT,IS REY,VED508,Blue Line,IS REY,US PWM,BAK508,Green Line,F,22G1,20.0,LEASED,MASTER,1
2025,8,IS GRT,IS REY,VED508,Blue Line,,,,,E,42U1,40.0,CARRIER,LONG,1
2025,8,IS GRT,IS REY,VED508,Blue Line,,,,,E,42P3,40.0,CARRIER,PURCHASE_AGREEMENT,1
2025,8,IS GRT,NL RTM,VED508,Blue Line,,,,,F,45P3,40.0,CARRIER,PURCHASE_AGREEMENT,8
2025,8,IS GRT,NL RTM,VED508,Blue Line,,,,,F,42P3,40.0,LEASED,MASTER,5
2025,8,IS GRT,NL RTM,VED508,Blue Line,,,,,F,22G1,20.0,LEASED,MASTER,2
2025,8,IS GRT,NL RTM,VED508,Blue Line,,,,,F,22G1,20.0,LEASED,PURCHASE,1
2025,8,IS GRT,NL RTM,VED508,Blue Line,,,,,E,22G1,20.0,CARRIER,LONG,1
2025,8,IS REY,FO THO,LAG507,Red Line,FO THO,DE BRV,DET507,Red Line,F,45G1,40.0,LEASED,ONEWAY,1
2025,8,IS REY,FO THO,LAG507,Red Line,FO THO,DE BRV,DET507,Red Line,F,4EG1,40.0,SHIPPER,,1
2025,8,IS REY,FO THO,SEL508,Yellow Line,,,,,E,45R1,40.0,CARRIER,PURCHASE_AGREEMENT,1
2025,8,IS REY,FO THO,LAG507,Red Line,,,,,E,45G1,40.0,CARRIER,PURCHASE_AGREEMENT,2
2025,8,IS REY,GB IMM,SEL508,Yellow Line,,,,,F,22K0,20.0,CARRIER,LONG,1
2025,8,IS REY,GB IMM,SEL508,Yellow Line,,,,,F,45R1,40.0,CARRIER,PURCHASE_AGREEMENT,8
2025,8,IS REY,GB TEE,VED508,Blue Line,,,,,E,45G1,40.0,CARRIER,LONG,4
2025,8,IS REY,IS GRT,VED506,Blue Line,,,,,E,22G1,20.0,CARRIER,PURCHASE_AGREEMENT,4
2025,8,IS REY,IS RFJ,LAG507,Red Line,,,,,E,45R1,40.0,LEASED,ONEWAY,5
2025,8,IS REY,IS RFJ,LAG507,Red Line,,,,,F,45G1,40.0,LEASED,MASTER,1
2025,8,IS REY,IS VES,SEL508,Yellow Line,,,,,F,45R1,40.0,CARRIER,LONG,2
2025,8,IS REY,NL RTM,VED508,Blue Line,,,,,F,22G1,20.0,CARRIER,LONG,1
2025,8,IS REY,NL RTM,VED508,Blue Line,,,,,F,LNRB,45.0,CARRIER,PURCHASE_AGREEMENT,1
2025,8,IS REY,NL RTM,VED508,Blue Line,,,,,F,45R1,40.0,CARRIER,PURCHASE_AGREEMENT,8
2025,8,IS REY,NL RTM,VED508,Blue Line,,,,,F,LNRB,45.0,CARRIER,LONG,1
2025,8,IS REY,NL RTM,VED508,Blue Line,,,,,F,45R1,40.0,CARRIER,LONG,8
2025,8,IS REY,NL RTM,VED508,Blue Line,,,,,F,22K0,20.0,SHIPPER,,1
2025,8,IS REY,NO FRK,SEL508,Yellow Line,,,,,E,45G1,40.0,CARRIER,CABOTAGE,4
2025,8,IS REY,NO FRK,SEL508,Yellow Line,,,,,F,45G1,40.0,CARRIER,PURCHASE_AGREEMENT,1
2025,8,IS REY,NO FRK,SEL508,Yellow Line,,,,,F,22G1,20.0,CARRIER,LONG,1
2025,8,IS REY,NO FRK,SEL508,Yellow Line,,,,,F,42U1,40.0,CARRIER,LONG,1
2025,8,IS REY,NO FRK,SEL508,Yellow Line,,,,,F,45R1,40.0,CARRIER,PURCHASE_AGREEMENT,1
2025,8,IS REY,NO FRK,SEL508,Yellow Line,,,,,F,45R1,40.0,CARRIER,LONG,1
2025,8,IS REY,NO FRK,SEL508,Yellow Line,,,,,E,45P3,40.0,CARRIER,LONG,1
2025,8,IS REY,NO FRK,SEL508,Yellow Line,,,,,E,42P3,40.0,CARRIER,PURCHASE_AGREEMENT,4
2025,8,IS REY,NO FRK,SEL508,Yellow Line,,,,,E,22G1,20.0,CARRIER,PURCHASE_AGREEMENT,1
2025,8,IS REY,NO FRK,SEL508,Yellow Line,,,,,E,42P3,40.0,LEASED,MASTER,1
2025,8,IS REY,US PWM,BAK508,Green Line,,,,,E,42P3,40.0,CARRIER,CABOTAGE,1
2025,8,IS REY,US PWM,BAK508,Green Line,,,,,F,4EG1,40.0,CARRIER,PURCHASE_AGREEMENT,2
2025,8,IS REY,US PWM,BAK508,Green Line,,,,,F,22G1,20.0,CARRIER,LONG,1
2025,8,IS REY,US PWM,BAK508,Green Line,,,,,F,45G1,40.0,CARRIER,LONG,17
2025,8,IS REY,US PWM,BAK508,Green Line,,,,,F,45R1,40.0,CARRIER,PURCHASE_AGREEMENT,2
2025,8,IS RFJ,FO THO,LAG507,Red Line,FO THO,DK AAR,DET507,Red Line,F,45R1,40.0,CARRIER,LONG,1
2025,8,IS RFJ,IS REY,LAG507,Red Line,,,,,F,45G1,40.0,CARRIER,PURCHASE_AGREEMENT,1
2025,8,IS RFJ,IS REY,LAG507,Red Line,,,,,F,4EG1,40.0,CARRIER,LONG,1
2025,8,IS VES,DK AAR,SEL508,Yellow Line,,,,,E,4EG1,40.0,CARRIER,LONG,1
2025,8,IS VES,GB IMM,SEL508,Yellow Line,,,,,F,45R1,40.0,CARRIER,LONG,1
2025,8,NL RTM,IS GRT,JOR507,Blue Line,,,,,E,22G1,20.0,CARRIER,CABOTAGE,1
2025,8,NL RTM,IS GRT,JOR507,Blue Line,,,,,F,22G1,20.0,CARRIER,PURCHASE_AGREEMENT,29
2025,8,NL RTM,IS GRT,JOR507,Blue Line,,,,,F,22G1,20.0,LEASED,ONEWAY,2
2025,8,NL RTM,IS GRT,JOR507,Blue Line,,,,,E,22GB,20.0,CARRIER,LONG,1
2025,8,NL RTM,IS GRT,JOR507,Blue Line,,,,,E,22GB,20.0,LEASED,MASTER,2
2025,8,NL RTM,IS REY,JOR507,Blue Line,,,,,F,45G1,40.0,CARRIER,PURCHASE_AGREEMENT,11
2025,8,NL RTM,IS REY,JOR507,Blue Line,IS REY,US PWM,VIV509,Green Line,F,45G1,40.0,CARRIER,CABOTAGE,2
2025,8,NL RTM,IS REY,JOR507,Blue Line,IS REY,FO THO,SKO509,Yellow Line,F,22G1,20.0,CARRIER,CABOTAGE,1
2025,8,NL RTM,IS REY,JOR507,Blue Line,,,,,F,45G1,40.0,CARRIER,LONG,12
2025,8,NL RTM,IS REY,JOR507,Blue Line,,,,,F,45P3,40.0,CARRIER,LONG,2
2025,8,NL RTM,IS REY,JOR507,Blue Line,,,,,F,42P3,40.0,CARRIER,LONG,1
2025,8,NL RTM,IS REY,JOR507,Blue Line,,,,,F,45R1,40.0,CARRIER,PURCHASE_AGREEMENT,5
2025,8,NL RTM,IS REY,JOR507,Blue Line,IS REY,CA HAL,VIV509,Green Line,F,45R1,40.0,CARRIER,PURCHASE_AGREEMENT,1
2025,8,NL RTM,IS REY,JOR507,Blue Line,IS REY,IS GRT,VED508,Blue Line,F,45R1,40.0,CARRIER,LONG,1
2025,8,NL RTM,IS REY,JOR507,Blue Line,IS REY,IS VES,SKO509,Yellow Line,F,45R1,40.0,CARRIER,LONG,1
2025,8,NL RTM,IS REY,JOR507,Blue Line,,,,,F,45G1,40.0,LEASED,MASTER,2
2025,8,NL RTM,IS REY,JOR507,Blue Line,IS REY,IS RFJ,TUK508,Red Line,F,45G1,40.0,LEASED,ONEWAY,1
2025,8,NL RTM,IS REY,JOR507,Blue Line,,,,,F,42G1,40.0,LEASED,ONEWAY,1
2025,8,NL RTM,IS REY,JOR507,Blue Line,,,,,F,45R1,40.0,LEASED,ONEWAY,2
2025,8,NL RTM,IS REY,JOR507,Blue Line,,,,,E,45R1,40.0,CARRIER,PURCHASE_AGREEMENT,1
2025,8,NL RTM,IS REY,JOR507,Blue Line,,,,,F,22R1,20.0,LEASED,PURCHASE,2
2025,8,PL SWI,IS REY,SKO507,Yellow Line,,,,,F,45G1,40.0,CARRIER,CABOTAGE,1
2025,8,PL SWI,IS REY,SKO507,Yellow Line,IS REY,CA NWP,BAK511,Green Line,F,45R1,40.0,CARRIER,LONG,1
2025,8,SE HEL,IS REY,BRU506,Red Line,,,,,F,22G1,20.0,CARRIER,PURCHASE_AGREEMENT,1
2025,8,SE HEL,IS REY,BRU506,Red Line,IS REY,US PWM,VIV509,Green Line,F,45G1,40.0,CARRIER,PURCHASE_AGREEMENT,3
2025,8,SE HEL,IS REY,BRU506,Red Line,,,,,F,45G1,40.0,CARRIER,LONG,1
2025,8,SE HEL,IS REY,BRU506,Red Line,,,,,F,22G1,20.0,CARRIER,LONG,1
2025,8,SE HEL,IS REY,BRU506,Red Line,,,,,F,45G1,40.0,CARRIER,LONG,2
2025,8,SE HEL,IS REY,BRU506,Red Line,,,,,F,42P3,40.0,LEASED,MASTER,1
2025,8,SE HEL,IS REY,BRU506,Red Line,,,,,F,22G1,20.0,LEASED,MASTER,1
2025,8,SE HEL,IS REY,BRU506,Red Line,,,,,F,42G1,40.0,LEASED,MASTER,1
2025,8,SE HEL,IS REY,BRU506,Red Line,,,,,F,45G1,40.0,LEASED,PURCHASE,1
2025,8,US PWM,CA HAL,AVA507,Green Line,,,,,E,42P3,40.0,CARRIER,LONG,2
2025,8,US PWM,IS REY,AVA507,Green Line,,,,,E,45R1,40.0,LEASED,ONEWAY,1
2025,8,US PWM,IS REY,AVA507,Green Line,IS REY,DK AAR,DET510,Red Line,F,22G1,20.0,CARRIER,LONG,1
2025,8,US PWM,IS REY,AVA507,Green Line,IS REY,GB IMM,SKO511,Yellow Line,F,45G1,40.0,CARRIER,LONG,1
2025,8,US PWM,IS REY,AVA507,Green Line,IS REY,PL SWI,SKO511,Yellow Line,F,45G1,40.0,CARRIER,LONG,3
2025,8,US PWM,IS REY,AVA507,Green Line,,,,,F,45R1,40.0,CARRIER,PURCHASE_AGREEMENT,1
2025,8,US PWM,IS REY,AVA507,Green Line,,,,,E,45G1,40.0,CARRIER,LONG,1
2025,8,US PWM,IS REY,AVA507,Green Line,,,,,E,45R1,40.0,CARRIER,PURCHASE_AGREEMENT,1
2025,8,US PWM,IS REY,AVA507,Green Line,,,,,E,45R1,40.0,CARRIER,LONG,11
2025,8,US PWM,IS REY,AVA507,Green Line,,,,,E,45G1,40.0,CARRIER,PURCHASE_AGREEMENT,1
2025,9,CA NWP,IS REY,AVA507,Green Line,,,,,E,45G1,40.0,LEASED,ONEWAY,1
2025,9,CA NWP,IS REY,AVA507,Green Line,IS REY,DK AAR,DET510,Red Line,F,22G1,20.0,CARRIER,CABOTAGE,3
2025,9,DE BRV,IS REY,DET507,Red Line,,,,,F,45G1,40.0,CARRIER,PURCHASE_AGREEMENT,1
2025,9,DE BRV,IS REY,DET507,Red Line,IS REY,US PWM,AVA510,Green Line,F,45G1,40.0,CARRIER,PURCHASE_AGREEMENT,7
2025,9,DE BRV,IS REY,DET507,Red Line,IS REY,US PWM,AVA510,Green Line,F,22G1,20.0,CARRIER,PURCHASE_AGREEMENT,1
2025,9,DE BRV,IS REY,DET507,Red Line,IS REY,US PWM,AVA510,Green Line,F,45G1,40.0,CARRIER,CABOTAGE,1
2025,9,DE BRV,IS REY,DET507,Red Line,,,,,F,45G1,40.0,CARRIER,LONG,2
2025,9,DE BRV,IS REY,DET507,Red Line,,,,,F,4EG1,40.0,CARRIER,LONG,1
2025,9,DE BRV,IS REY,DET507,Red Line,IS REY,US PWM,AVA510,Green Line,F,22G1,20.0,CARRIER,LONG,1
2025,9,DE BRV,IS REY,DET507,Red Line,IS REY,CA HAL,AVA510,Green Line,F,45R1,40.0,CARRIER,LONG,1
2025,9,DE BRV,IS REY,DET507,Red Line,,,,,F,45R1,40.0,CARRIER,CABOTAGE,1
2025,9,DE BRV,IS REY,DET507,Red Line,,,,,F,45R1,40.0,LEASED,ONEWAY,1
2025,9,DK AAR,FO THO,DET507,Red Line,,,,,E,45R1,40.0,LEASED,ONEWAY,4
2025,9,DK AAR,FO THO,DET507,Red Line,,,,,F,42P3,40.0,CARRIER,PURCHASE_AGREEMENT,4
2025,9,DK AAR,FO THO,SEL508,Yellow Line,,,,,F,42P3,40.0,CARRIER,PURCHASE_AGREEMENT,1
2025,9,DK AAR,FO THO,DET507,Red Line,,,,,F,22B0,20.0,CARRIER,PURCHASE_AGREEMENT,4
2025,9,DK AAR,FO THO,SEL508,Yellow Line,,,,,F,45P3,40.0,CARRIER,PURCHASE_AGREEMENT,1
2025,9,DK AAR,FO THO,DET507,Red Line,,,,,F,4EG1,40.0,CARRIER,PURCHASE_AGREEMENT,1
2025,9,DK AAR,FO THO,SEL508,Yellow Line,,,,,F,42P3,40.0,CARRIER,LONG,3
2025,9,DK AAR,FO THO,DET507,Red Line,,,,,F,45G1,40.0,CARRIER,LONG,2
2025,9,DK AAR,FO THO,SEL508,Yellow Line,,,,,F,45R1,40.0,LEASED,ONEWAY,6
2025,9,DK AAR,FO THO,DET507,Red Line,,,,,F,45R1,40.0,LEASED,ONEWAY,1
2025,9,DK AAR,IS REY,DET507,Red Line,,,,,F,4EG1,40.0,CARRIER,PURCHASE_AGREEMENT,1
2025,9,DK AAR,IS REY,DET507,Red Line,,,,,F,45G1,40.0,CARRIER,PURCHASE_AGREEMENT,9
2025,9,DK AAR,IS REY,DET507,Red Line,,,,,F,42P3,40.0,CARRIER,LONG,2
2025,9,DK AAR,IS REY,DET507,Red Line,,,,,F,45U1,40.0,CARRIER,LONG,1
2025,9,DK AAR,IS REY,DET507,Red Line,,,,,F,45G1,40.0,CARRIER,LONG,18
2025,9,DK AAR,IS REY,DET507,Red Line,,,,,F,4EG1,40.0,CARRIER,LONG,6
2025,9,DK AAR,IS REY,DET507,Red Line,,,,,F,45G1,40.0,LEASED,MASTER,3
2025,9,DK AAR,IS REY,DET507,Red Line,,,,,F,22G1,20.0,LEASED,ONEWAY,1
2025,9,DK AAR,IS REY,DET507,Red Line,,,,,F,42G1,40.0,LEASED,ONEWAY,1
2025,9,DK AAR,IS REY,DET507,Red Line,,,,,E,45G1,40.0,CARRIER,PURCHASE_AGREEMENT,1
2025,9,DK AAR,IS REY,DET507,Red Line,,,,,E,45H5,40.0,CARRIER,PURCHASE_AGREEMENT,1
2025,9,FO THO,DE BRV,TUK508,Red Line,,,,,F,LNRB,45.0,CARRIER,PURCHASE_AGREEMENT,1
2025,9,FO THO,DE BRV,TUK508,Red Line,,,,,F,45R1,40.0,CARRIER,LONG,1
2025,9,FO THO,DE BRV,TUK508,Red Line,,,,,F,LNRB,45.0,CARRIER,LONG,1
2025,9,FO THO,DK AAR,TUK508,Red Line,,,,,E,45G1,40.0,LEASED,ONEWAY,1
2025,9,FO THO,DK AAR,TUK508,Red Line,,,,,E,4EG1,40.0,CARRIER,LONG,1
2025,9,FO THO,DK AAR,TUK508,Red Line,,,,,E,42P3,40.0,CARRIER,LONG,4
2025,9,FO THO,IS REY,SEL508,Yellow Line,IS REY,NL RTM,VED510,Blue Line,E,45G1,40.0,CARRIER,CABOTAGE,1
2025,9,FO THO,IS REY,SEL508,Yellow Line,IS REY,US PWM,AVA510,Green Line,F,45R1,40.0,CARRIER,LONG,4
2025,9,FO THO,IS REY,SKO507,Yellow Line,IS REY,NL RTM,JOR509,Blue Line,E,45R1,40.0,CARRIER,PURCHASE_AGREEMENT,1
2025,9,FO THO,PL SWI,SKO509,Yellow Line,,,,,E,45G1,40.0,CARRIER,CABOTAGE,2
2025,9,FO THO,PL SWI,SKO509,Yellow Line,,,,,F,45R1,40.0,CARRIER,PURCHASE_AGREEMENT,5
2025,9,FO THO,PL SWI,SKO509,Yellow Line,,,,,E,45G1,40.0,CARRIER,LONG,1
2025,9,FO THO,PL SWI,SKO509,Yellow Line,,,,,E,4EG1,40.0,CARRIER,LONG,1
2025,9,GB IMM,FO THO,SKO509,Yellow Line,,,,,F,45G1,40.0,CARRIER,PURCHASE_AGREEMENT,1
2025,9,GB IMM,FO THO,SEL508,Yellow Line,,,,,F,22G1,20.0,CARRIER,LONG,1
2025,9,GB IMM,FO THO,SEL508,Yellow Line,,,,,F,45R1,40.0,CARRIER,PURCHASE_AGREEMENT,1
2025,9,GB IMM,FO THO,SEL508,Yellow Line,,,,,E,45R1,40.0,CARRIER,LONG,4
2025,9,GB IMM,IS REY,SEL508,Yellow Line,,,,,F,22K0,20.0,CARRIER,LONG,1
2025,9,GB IMM,IS REY,SKO509,Yellow Line,,,,,F,45R1,40.0,CARRIER,PURCHASE_AGREEMENT,1
2025,9,GB IMM,IS REY,SEL508,Yellow Line,IS REY,CA HAL,AVA510,Green Line,F,45R1,40.0,CARRIER,LONG,1
2025,9,GB IMM,IS REY,SKO509,Yellow Line,,,,,E,22G1,20.0,CARRIER,LONG,3
2025,9,GB IMM,IS REY,SEL508,Yellow Line,,,,,E,22G1,20.0,CARRIER,PURCHASE_AGREEMENT,2
2025,9,GB IMM,IS REY,SEL508,Yellow Line,,,,,F,45R1,40.0,CARRIER,,1
2025,9,GB TEE,IS REY,VED508,Blue Line,IS REY,SE HEL,BRU509,Red Line,F,45U1,40.0,CARRIER,LONG,1
2025,9,GB TEE,IS REY,VED508,Blue Line,,,,,F,45G1,40.0,CARRIER,LONG,5
2025,9,GB TEE,IS REY,VED508,Blue Line,IS REY,CA HAL,AVA510,Green Line,F,22G1,20.0,CARRIER,LONG,1
2025,9,GB TEE,IS REY,VED508,Blue Line,,,,,F,45R1,40.0,CARRIER,PURCHASE_AGREEMENT,2
2025,9,GB TEE,IS REY,VED508,Blue Line,,,,,E,22G1,20.0,CARRIER,PURCHASE_AGREEMENT,1
2025,9,GB TEE,IS REY,VED508,Blue Line,,,,,E,45G1,40.0,CARRIER,PURCHASE_AGREEMENT,1
2025,9,GB TEE,IS REY,VED508,Blue Line,,,,,E,22G1,20.0,LEASED,MASTER,1
2025,9,IS REY,IS VES,LAG510,Yellow Line,,,,,F,45R1,40.0,CARRIER,PURCHASE_AGREEMENT,1
2025,9,IS REY,DE BRV,BRU509,Red Line,,,,,F,45R1,40.0,CARRIER,LONG,1
2025,9,IS REY,GB IMM,LAG510,Yellow Line,,,,,F,45R1,40.0,CARRIER,LONG,1
2025,9,IS REY,NO FRK,LAG510,Yellow Line,,,,,F,22K0,20.0,SHIPPER,,1
2025,9,IS GRT,IS REY,JOR509,Blue Line,IS REY,US PWM,BAK511,Green Line,F,22G1,20.0,CARRIER,CABOTAGE,1
2025,9,IS GRT,IS REY,JOR509,Blue Line,IS REY,GB IMM,LAG510,Yellow Line,F,22G1,20.0,LEASED,MASTER,1
2025,9,IS GRT,NL RTM,JOR509,Blue Line,,,,,F,22G1,20.0,CARRIER,LONG,10
2025,9,IS GRT,NL RTM,JOR509,Blue Line,,,,,F,22G1,20.0,LEASED,MASTER,6
2025,9,IS GRT,NL RTM,JOR509,Blue Line,,,,,F,22G1,20.0,LEASED,PURCHASE,5
2025,9,IS REY,NL RTM,VED510,Blue Line,,,,,F,45R1,40.0,CARRIER,PURCHASE_AGREEMENT,1
2025,9,IS REY,DK AAR,LAG510,Yellow Line,,,,,F,45G1,40.0,LEASED,ONEWAY,1
2025,9,IS REY,US PWM,AVA510,Green Line,,,,,F,22G1,20.0,CARRIER,LONG,1
2025,9,IS REY,GB IMM,LAG510,Yellow Line,,,,,F,45R1,40.0,CARRIER,PURCHASE_AGREEMENT,1
2025,9,IS REY,DK AAR,BRU509,Red Line,,,,,F,45R1,40.0,CARRIER,LONG,1
2025,9,IS REY,CA NWP,VIV509,Green Line,,,,,F,22G1,20.0,CARRIER,PURCHASE_AGREEMENT,1
2025,9,IS REY,CA NWP,VIV509,Green Line,,,,,F,22G1,20.0,CARRIER,LONG,1
2025,9,IS REY,CA NWP,VIV509,Green Line,,,,,F,45G1,40.0,CARRIER,LONG,1
2025,9,IS REY,DE BRV,TUK508,Red Line,,,,,E,L5G1,45.0,LEASED,ONEWAY,1
2025,9,IS REY,DE BRV,TUK508,Red Line,,,,,E,45G1,40.0,LEASED,ONEWAY,1
2025,9,IS REY,DE BRV,TUK508,Red Line,,,,,E,22G1,20.0,LEASED,ONEWAY,1
2025,9,IS REY,DE BRV,TUK508,Red Line,,,,,F,45G1,40.0,CARRIER,PURCHASE_AGREEMENT,2
2025,9,IS REY,DE BRV,TUK508,Red Line,,,,,F,22G1,20.0,CARRIER,CABOTAGE,1
2025,9,IS REY,DE BRV,TUK508,Red Line,,,,,F,45R1,40.0,CARRIER,LONG,1
2025,9,IS REY,DE BRV,TUK508,Red Line,,,,,E,45P3,40.0,CARRIER,LONG,8
2025,9,IS REY,DE BRV,TUK508,Red Line,,,,,E,45P3,40.0,CARRIER,PURCHASE_AGREEMENT,3
2025,9,IS REY,DE BRV,TUK508,Red Line,,,,,E,42P3,40.0,LEASED,MASTER,1
2025,9,IS REY,DK AAR,TUK508,Red Line,,,,,F,45R1,40.0,CARRIER,PURCHASE_AGREEMENT,1
2025,9,IS REY,DK AAR,TUK508,Red Line,,,,,F,45R1,40.0,CARRIER,LONG,1
2025,9,IS REY,DK AAR,TUK508,Red Line,,,,,E,4EG1,40.0,CARRIER,LONG,13
2025,9,IS REY,DK AAR,TUK508,Red Line,,,,,E,4EG1,40.0,CARRIER,PURCHASE_AGREEMENT,1
2025,9,IS REY,DK AAR,TUK508,Red Line,,,,,E,45G1,40.0,LEASED,MASTER,1
2025,9,IS REY,FO THO,SKO509,Yellow Line,,,,,F,45R1,40.0,CARRIER,LONG,1
2025,9,IS REY,FO THO,TUK508,Red Line,,,,,E,45R1,40.0,CARRIER,LONG,4
2025,9,IS REY,GB IMM,SKO509,Yellow Line,,,,,F,22H5,20.0,CARRIER,PURCHASE_AGREEMENT,2
2025,9,IS REY,GB IMM,SKO509,Yellow Line,,,,,F,45R1,40.0,CARRIER,LONG,7
2025,9,IS REY,GB TEE,JOR509,Blue Line,,,,,E,22U1,20.0,CARRIER,PURCHASE_AGREEMENT,1
2025,9,IS REY,GB TEE,JOR509,Blue Line,,,,,E,45G1,40.0,CARRIER,PURCHASE_AGREEMENT,1
2025,9,IS REY,IS RFJ,TUK508,Red Line,,,,,E,45R1,40.0,LEASED,ONEWAY,1
2025,9,IS REY,IS RFJ,TUK508,Red Line,,,,,E,LNRB,45.0,CARRIER,PURCHASE_AGREEMENT,1
2025,9,IS REY,NL RTM,JOR509,Blue Line,,,,,E,45G1,40.0,CARRIER,CABOTAGE,9
2025,9,IS REY,NL RTM,JOR509,Blue Line,,,,,E,42U1,40.0,LEASED,ONEWAY,1
2025,9,IS REY,NL RTM,JOR509,Blue Line,,,,,E,45G1,40.0,LEASED,ONEWAY,1
2025,9,IS REY,NL RTM,JOR509,Blue Line,,,,,F,45G1,40.0,CARRIER,LONG,1
2025,9,IS REY,NL RTM,JOR509,Blue Line,,,,,F,45R1,40.0,CARRIER,PURCHASE_AGREEMENT,5
2025,9,IS REY,NL RTM,JOR509,Blue Line,,,,,F,45R1,40.0,CARRIER,LONG,2
2025,9,IS REY,NL RTM,JOR509,Blue Line,,,,,F,LNRB,45.0,CARRIER,LONG,1
2025,9,IS REY,NL RTM,JOR509,Blue Line,,,,,E,42G1,40.0,CARRIER,LONG,6
2025,9,IS REY,NL RTM,JOR509,Blue Line,,,,,E,42G1,40.0,LEASED,MASTER,1
2025,9,IS REY,PL SWI,SKO509,Yellow Line,,,,,E,45U1,40.0,CARRIER,PURCHASE_AGREEMENT,1
2025,9,IS REY,SE HEL,TUK508,Red Line,,,,,F,42U1,40.0,CARRIER,PURCHASE_AGREEMENT,1
2025,9,IS REY,SE HEL,TUK508,Red Line,,,,,F,45G1,40.0,CARRIER,CABOTAGE,1
2025,9,IS REY,SE HEL,TUK508,Red Line,,,,,F,45R1,40.0,CARRIER,PURCHASE_AGREEMENT,1
2025,9,IS REY,SE HEL,TUK508,Red Line,,,,,F,22G1,20.0,LEASED,PURCHASE,1
2025,9,IS REY,SE HEL,TUK508,Red Line,,,,,E,4EG1,40.0,CARRIER,LONG,8
2025,9,IS REY,SE HEL,TUK508,Red Line,,,,,E,42P3,40.0,LEASED,PURCHASE,1
2025,9,IS RFJ,DE BRV,TUK508,Red Line,,,,,F,45R1,40.0,CARRIER,PURCHASE_AGREEMENT,1
2025,9,IS RFJ,DE BRV,TUK508,Red Line,,,,,E,42U1,40.0,CARRIER,LONG,1
2025,9,IS RFJ,DE BRV,TUK508,Red Line,,,,,E,4EG1,40.0,CARRIER,LONG,2
2025,9,IS RFJ,DE BRV,TUK508,Red Line,,,,,F,45R1,40.0,LEASED,ONEWAY,1
2025,9,IS RFJ,FO THO,TUK508,Red Line,FO THO,IS REY,SEL508,Yellow Line,E,45G1,40.0,CARRIER,CABOTAGE,1
2025,9,IS RFJ,FO THO,TUK508,Red Line,FO THO,IS REY,SEL508,Yellow Line,F,45R1,40.0,CARRIER,PURCHASE_AGREEMENT,1
2025,9,IS REY,FO THO,LAG510,Yellow Line,,,,,F,45G1,40.0,CARRIER,PURCHASE_AGREEMENT,1
2025,9,IS REY,GB IMM,LAG510,Yellow Line,,,,,F,45G1,40.0,CARRIER,LONG,1
2025,9,IS REY,GB IMM,LAG510,Yellow Line,,,,,F,45R1,40.0,CARRIER,PURCHASE_AGREEMENT,1
2025,9,IS REY,DK AAR,BRU509,Red Line,,,,,F,45R1,40.0,CARRIER,LONG,1
2025,9,IS REY,GB IMM,LAG510,Yellow Line,,,,,F,45R1,40.0,CARRIER,LONG,1
2025,9,IS VES,FO THO,SKO509,Yellow Line,FO THO,IS REY,SEL508,Yellow Line,F,45R1,40.0,CARRIER,PURCHASE_AGREEMENT,1
2025,9,IS VES,PL SWI,SKO509,Yellow Line,,,,,F,45R1,40.0,CARRIER,PURCHASE_AGREEMENT,1
2025,9,NL RTM,GB TEE,VED508,Blue Line,,,,,E,42U1,40.0,CARRIER,PURCHASE_AGREEMENT,1
2025,9,NL RTM,IS GRT,VED508,Blue Line,,,,,F,22G1,20.0,CARRIER,PURCHASE_AGREEMENT,21
2025,9,NL RTM,IS GRT,VED508,Blue Line,,,,,F,22G1,20.0,CARRIER,CABOTAGE,1
2025,9,NL RTM,IS GRT,VED508,Blue Line,,,,,F,22G1,20.0,LEASED,MASTER,2
2025,9,NL RTM,IS GRT,VED508,Blue Line,,,,,E,45P3,40.0,CARRIER,LONG,1
2025,9,NL RTM,IS GRT,VED508,Blue Line,,,,,E,22GB,20.0,CARRIER,LONG,1
2025,9,NL RTM,IS REY,VED508,Blue Line,,,,,F,42U1,40.0,CARRIER,PURCHASE_AGREEMENT,2
2025,9,NL RTM,IS REY,VED508,Blue Line,,,,,F,22U1,20.0,CARRIER,PURCHASE_AGREEMENT,1
2025,9,NL RTM,IS REY,VED508,Blue Line,IS REY,US PWM,AVA510,Green Line,F,22G1,20.0,CARRIER,PURCHASE_AGREEMENT,1
2025,9,NL RTM,IS REY,VED508,Blue Line,,,,,F,22G1,20.0,CARRIER,PURCHASE_AGREEMENT,1
2025,9,NL RTM,IS REY,VED508,Blue Line,IS REY,CA HAL,AVA510,Green Line,F,45G1,40.0,CARRIER,PURCHASE_AGREEMENT,2
2025,9,NL RTM,IS REY,VED508,Blue Line,IS REY,CA NWP,BAK511,Green Line,F,45G1,40.0,CARRIER,PURCHASE_AGREEMENT,2
2025,9,NL RTM,IS REY,VED508,Blue Line,IS REY,US PWM,AVA510,Green Line,F,45G1,40.0,CARRIER,CABOTAGE,1
2025,9,NL RTM,IS REY,VED508,Blue Line,IS REY,US PWM,BAK511,Green Line,F,45G1,40.0,CARRIER,LONG,2
2025,9,NL RTM,IS REY,VED508,Blue Line,IS REY,FO THO,LAG510,Yellow Line,F,22G1,20.0,CARRIER,LONG,1
2025,9,NL RTM,IS REY,VED508,Blue Line,,,,,F,22G1,20.0,CARRIER,LONG,1
2025,9,NL RTM,IS REY,VED508,Blue Line,,,,,F,4EG1,40.0,CARRIER,LONG,6
2025,9,NL RTM,IS REY,VED508,Blue Line,,,,,F,45G1,40.0,LEASED,ONEWAY,5
2025,9,NL RTM,IS REY,VED508,Blue Line,,,,,F,22K0,20.0,SHIPPER,,2
2025,9,NL RTM,IS REY,VED508,Blue Line,,,,,F,22R1,20.0,LEASED,PURCHASE,1
2025,9,NL RTM,IS REY,VED508,Blue Line,,,,,E,22G1,20.0,LEASED,MASTER,1
2025,9,NL RTM,IS REY,VED508,Blue Line,,,,,E,LNRB,45.0,LEASED,PURCHASE,1
2025,9,NL RTM,IS REY,VED508,Blue Line,IS REY,FO THO,LAG510,Yellow Line,E,22U1,20.0,SHIPPER,,1
2025,9,NL RTM,IS REY,VED508,Blue Line,IS REY,CA HAL,AVA510,Green Line,E,22G1,20.0,SHIPPER,,1
2025,9,NL RTM,IS REY,VED508,Blue Line,IS REY,US PWM,AVA510,Green Line,F,22GB,20.0,SHIPPER,PURCHASE_AGREEMENT,1
2025,9,NO FRK,FO THO,SEL508,Yellow Line,,,,,F,45R1,40.0,CARRIER,LONG,1
2025,9,NO FRK,IS REY,SEL508,Yellow Line,,,,,F,45G1,40.0,CARRIER,CABOTAGE,2
2025,9,SE HEL,FO THO,DET507,Red Line,,,,,F,22G1,20.0,CARRIER,CABOTAGE,1
2025,9,SE HEL,FO THO,DET507,Red Line,,,,,F,45R1,40.0,CARRIER,PURCHASE_AGREEMENT,1
2025,9,SE HEL,IS REY,DET507,Red Line,,,,,F,22G1,20.0,CARRIER,PURCHASE_AGREEMENT,1
2025,9,SE HEL,IS REY,DET507,Red Line,,,,,F,45G1,40.0,CARRIER,PURCHASE_AGREEMENT,1
2025,9,SE HEL,IS REY,DET507,Red Line,,,,,F,45P3,40.0,CARRIER,LONG,1
2025,9,SE HEL,IS REY,DET507,Red Line,,,,,F,4EG1,40.0,CARRIER,LONG,4
2025,9,SE HEL,IS REY,DET507,Red Line,IS REY,IS GRT,JOR509,Blue Line,F,45R1,40.0,CARRIER,PURCHASE_AGREEMENT,1
2025,9,SE HEL,IS REY,DET507,Red Line,,,,,F,45R1,40.0,CARRIER,PURCHASE_AGREEMENT,3
2025,9,SE HEL,IS REY,DET507,Red Line,,,,,F,45R1,40.0,CARRIER,LONG,1
2025,9,SE HEL,IS REY,DET507,Red Line,,,,,F,45G1,40.0,LEASED,MASTER,1
2025,9,SE HEL,IS REY,DET507,Red Line,IS REY,US PWM,AVA510,Green Line,F,45G1,40.0,LEASED,PURCHASE,1
2025,9,SE HEL,IS REY,DET507,Red Line,,,,,F,22R1,20.0,LEASED,PURCHASE,1
2025,9,US PWM,IS REY,BAK508,Green Line,,,,,E,22G1,20.0,CARRIER,CABOTAGE,3
2025,9,US PWM,IS REY,BAK508,Green Line,IS REY,GB IMM,SKO511,Yellow Line,F,45G1,40.0,CARRIER,CABOTAGE,1
2025,9,US PWM,IS REY,BAK508,Green Line,,,,,F,45G1,40.0,CARRIER,CABOTAGE,1
2025,9,US PWM,IS REY,BAK508,Green Line,IS REY,DE BRV,DET510,Red Line,F,45G1,40.0,CARRIER,CABOTAGE,1
2025,9,US PWM,IS REY,BAK508,Green Line,,,,,F,22G1,20.0,CARRIER,LONG,1
2025,9,US PWM,IS REY,BAK508,Green Line,IS REY,GB IMM,SKO511,Yellow Line,F,45R1,40.0,CARRIER,LONG,1
2025,9,US PWM,IS REY,BAK508,Green Line,,,,,E,45G1,40.0,CARRIER,LONG,14
2025,9,US PWM,IS REY,BAK508,Green Line,,,,,E,45G1,40.0,CARRIER,PURCHASE_AGREEMENT,21
2025,10,DE BRV,IS REY,TUK508,Red Line,,,,,F,45G1,40.0,CARRIER,PURCHASE_AGREEMENT,1
2025,10,DE BRV,IS REY,TUK508,Red Line,,,,,F,45G1,40.0,CARRIER,CABOTAGE,1
2025,10,DE BRV,IS REY,TUK508,Red Line,,,,,F,22G1,20.0,CARRIER,CABOTAGE,1
2025,10,DE BRV,IS REY,TUK508,Red Line,,,,,F,42P3,40.0,CARRIER,LONG,1
2025,10,DE BRV,IS REY,TUK508,Red Line,IS REY,US PWM,BAK511,Green Line,F,45G1,40.0,CARRIER,LONG,8
2025,10,DE BRV,IS REY,TUK508,Red Line,IS REY,US PWM,BAK511,Green Line,F,45R1,40.0,CARRIER,LONG,1
2025,10,DE BRV,IS REY,TUK508,Red Line,,,,,F,42P3,40.0,LEASED,MASTER,1
2025,10,DE BRV,IS REY,TUK508,Red Line,,,,,F,22G1,20.0,LEASED,ONEWAY,2
2025,10,DE BRV,IS REY,TUK508,Red Line,,,,,F,45G1,40.0,LEASED,ONEWAY,1
2025,10,DK AAR,FO THO,SKO509,Yellow Line,,,,,F,4EG1,40.0,CARRIER,PURCHASE_AGREEMENT,1
2025,10,DK AAR,FO THO,SKO509,Yellow Line,,,,,F,42P3,40.0,CARRIER,PURCHASE_AGREEMENT,1
2025,10,DK AAR,FO THO,SKO509,Yellow Line,,,,,F,45P3,40.0,CARRIER,LONG,1
2025,10,DK AAR,FO THO,SKO509,Yellow Line,,,,,F,45G1,40.0,CARRIER,LONG,11
2025,10,DK AAR,FO THO,SKO509,Yellow Line,,,,,F,45R1,40.0,CARRIER,LONG,2
2025,10,DK AAR,FO THO,SKO509,Yellow Line,,,,,F,45G1,40.0,SHIPPER,,1
2025,10,DK AAR,IS REY,TUK508,Red Line,,,,,F,42P3,40.0,CARRIER,PURCHASE_AGREEMENT,1
2025,10,DK AAR,IS REY,SKO509,Yellow Line,,,,,F,45G1,40.0,CARRIER,PURCHASE_AGREEMENT,1
2025,10,DK AAR,IS REY,TUK508,Red Line,,,,,F,22G1,20.0,CARRIER,PURCHASE_AGREEMENT,2
2025,10,DK AAR,IS REY,TUK508,Red Line,,,,,F,22G1,20.0,CARRIER,CABOTAGE,1
2025,10,DK AAR,IS REY,TUK508,Red Line,,,,,F,22K0,20.0,CARRIER,LONG,1
2025,10,DK AAR,IS REY,TUK508,Red Line,,,,,F,45G1,40.0,CARRIER,LONG,9
2025,10,DK AAR,IS REY,SKO509,Yellow Line,,,,,F,45G1,40.0,CARRIER,LONG,1
2025,10,DK AAR,IS REY,TUK508,Red Line,IS REY,US PWM,BAK511,Green Line,F,45R1,40.0,CARRIER,PURCHASE_AGREEMENT,1
2025,10,DK AAR,IS REY,SKO509,Yellow Line,,,,,F,22K0,20.0,SHIPPER,,1
2025,10,FO THO,DE BRV,BRU509,Red Line,,,,,F,LNRB,45.0,CARRIER,PURCHASE_AGREEMENT,1
2025,10,FO THO,DK AAR,BRU509,Red Line,,,,,F,45G1,40.0,LEASED,ONEWAY,1
2025,10,FO THO,DK AAR,BRU509,Red Line,,,,,E,22G1,20.0,CARRIER,LONG,1
2025,10,FO THO,DK AAR,BRU509,Red Line,,,,,F,45R1,40.0,LEASED,ONEWAY,1
2025,10,FO THO,DK AAR,BRU509,Red Line,,,,,E,22G1,20.0,CARRIER,PURCHASE_AGREEMENT,2
2025,10,FO THO,GB IMM,LAG510,Yellow Line,,,,,F,45R1,40.0,CARRIER,LONG,2
2025,10,FO THO,IS REY,SKO509,Yellow Line,IS REY,CA NWP,BAK511,Green Line,F,45P3,40.0,CARRIER,PURCHASE_AGREEMENT,1
2025,10,FO THO,IS REY,SKO509,Yellow Line,IS REY,NL RTM,JOR511,Blue Line,F,45U1,40.0,CARRIER,PURCHASE_AGREEMENT,1
2025,10,FO THO,IS REY,SKO509,Yellow Line,IS REY,NL RTM,JOR511,Blue Line,F,45G1,40.0,CARRIER,PURCHASE_AGREEMENT,1
2025,10,FO THO,IS REY,SKO509,Yellow Line,IS REY,US PWM,BAK511,Green Line,F,45R1,40.0,LEASED,ONEWAY,1
2025,10,FO THO,NO FRK,LAG510,Yellow Line,,,,,E,45P3,40.0,CARRIER,LONG,1
2025,10,GB IMM,FO THO,LAG510,Yellow Line,,,,,E,LNRB,45.0,LEASED,PURCHASE,1
2025,10,GB IMM,IS REY,LAG510,Yellow Line,,,,,E,22G1,20.0,CARRIER,CABOTAGE,1
2025,10,GB IMM,IS REY,LAG510,Yellow Line,,,,,F,22K2,20.0,CARRIER,LONG,1
2025,10,GB IMM,IS REY,LAG510,Yellow Line,,,,,F,45R1,40.0,CARRIER,PURCHASE_AGREEMENT,4
2025,10,GB IMM,IS REY,LAG510,Yellow Line,,,,,F,45R1,40.0,CARRIER,LONG,1
2025,10,GB IMM,IS REY,LAG510,Yellow Line,IS REY,US PWM,VIV512,Green Line,F,45R1,40.0,CARRIER,LONG,1
2025,10,GB TEE,IS REY,JOR509,Blue Line,IS REY,CA NWP,BAK511,Green Line,F,45G1,40.0,CARRIER,PURCHASE_AGREEMENT,1
2025,10,GB TEE,IS REY,JOR509,Blue Line,,,,,F,22G1,20.0,CARRIER,LONG,1
2025,10,GB TEE,IS REY,JOR509,Blue Line,,,,,F,42P3,40.0,CARRIER,LONG,1
2025,10,GB TEE,IS REY,JOR509,Blue Line,IS REY,CA NWP,BAK511,Green Line,F,45P3,40.0,CARRIER,LONG,1
2025,10,GB TEE,IS REY,JOR509,Blue Line,,,,,F,45R1,40.0,CARRIER,PURCHASE_AGREEMENT,2
2025,10,GB TEE,IS REY,JOR509,Blue Line,IS REY,FO THO,SKO511,Yellow Line,F,42P3,40.0,LEASED,MASTER,1
2025,10,IS REY,NL RTM,JOR511,Blue Line,,,,,F,45R1,40.0,CARRIER,LONG,1
2025,10,IS REY,CA HAL,BAK511,Green Line,,,,,F,45R1,40.0,CARRIER,LONG,1
2025,10,IS REY,NL RTM,JOR511,Blue Line,,,,,F,LNRB,45.0,CARRIER,LONG,1
2025,10,IS REY,DK AAR,DET510,Red Line,,,,,F,45G1,40.0,LEASED,ONEWAY,1
2025,10,IS GRT,IS REY,VED510,Blue Line,,,,,E,45G1,40.0,CARRIER,LONG,1
2025,10,IS GRT,NL RTM,VED510,Blue Line,,,,,F,22GB,20.0,LEASED,MASTER,1
2025,10,IS GRT,NL RTM,VED510,Blue Line,,,,,F,22G1,20.0,LEASED,PURCHASE,2
2025,10,IS REY,NL RTM,JOR511,Blue Line,,,,,F,45G1,40.0,CARRIER,PURCHASE_AGREEMENT,1
2025,10,IS REY,NL RTM,JOR511,Blue Line,,,,,F,45G1,40.0,CARRIER,LONG,1
2025,10,IS REY,DE BRV,DET510,Red Line,,,,,F,22G1,20.0,LEASED,MASTER,1
2025,10,IS REY,NL RTM,JOR511,Blue Line,,,,,F,22G1,20.0,LEASED,MASTER,1
2025,10,IS REY,NL RTM,JOR511,Blue Line,,,,,F,45R1,40.0,CARRIER,LONG,1
2025,10,IS REY,CA HAL,AVA510,Green Line,,,,,F,22G1,20.0,CARRIER,LONG,1
2025,10,IS REY,DE BRV,BRU509,Red Line,,,,,E,42G1,40.0,CARRIER,CABOTAGE,1
2025,10,IS REY,DE BRV,BRU509,Red Line,,,,,E,45G1,40.0,LEASED,ONEWAY,1
2025,10,IS REY,DE BRV,BRU509,Red Line,,,,,E,45R1,40.0,LEASED,ONEWAY,1
2025,10,IS REY,DE BRV,BRU509,Red Line,,,,,F,45G1,40.0,CARRIER,LONG,4
2025,10,IS REY,DE BRV,BRU509,Red Line,,,,,F,45R1,40.0,CARRIER,PURCHASE_AGREEMENT,1
2025,10,IS REY,DE BRV,BRU509,Red Line,,,,,E,45G1,40.0,CARRIER,LONG,9
2025,10,IS REY,DK AAR,BRU509,Red Line,,,,,E,42P3,40.0,CARRIER,CABOTAGE,1
2025,10,IS REY,DK AAR,BRU509,Red Line,,,,,F,45G1,40.0,CARRIER,PURCHASE_AGREEMENT,3
2025,10,IS REY,DK AAR,BRU509,Red Line,,,,,F,45G1,40.0,CARRIER,LONG,1
2025,10,IS REY,DK AAR,BRU509,Red Line,,,,,E,45G1,40.0,CARRIER,LONG,5
2025,10,IS REY,DK AAR,BRU509,Red Line,,,,,E,42P3,40.0,CARRIER,PURCHASE_AGREEMENT,1
2025,10,IS REY,DK AAR,BRU509,Red Line,,,,,E,45G1,40.0,CARRIER,PURCHASE_AGREEMENT,6
2025,10,IS REY,DK AAR,BRU509,Red Line,,,,,E,42P3,40.0,LEASED,PURCHASE,1
2025,10,IS REY,FO THO,LAG510,Yellow Line,,,,,F,45G1,40.0,CARRIER,PURCHASE_AGREEMENT,1
2025,10,IS REY,GB IMM,LAG510,Yellow Line,,,,,F,45R1,40.0,CARRIER,PURCHASE_AGREEMENT,1
2025,10,IS REY,GB IMM,LAG510,Yellow Line,,,,,F,LNRB,45.0,CARRIER,LONG,1
2025,10,IS REY,GB TEE,VED510,Blue Line,,,,,E,22G1,20.0,CARRIER,LONG,7
2025,10,IS REY,GB TEE,VED510,Blue Line,,,,,E,45G1,40.0,CARRIER,LONG,1
2025,10,IS REY,GB TEE,VED510,Blue Line,,,,,E,42P3,40.0,CARRIER,PURCHASE_AGREEMENT,2
2025,10,IS REY,GB TEE,VED510,Blue Line,,,,,E,42P3,40.0,LEASED,MASTER,1
2025,10,IS REY,IS GRT,VED508,Blue Line,,,,,E,45P3,40.0,CARRIER,LONG,3
2025,10,IS REY,IS RFJ,BRU509,Red Line,,,,,F,45P3,40.0,CARRIER,PURCHASE_AGREEMENT,1
2025,10,IS REY,IS RFJ,BRU509,Red Line,,,,,F,22G1,20.0,LEASED,MASTER,1
2025,10,IS REY,NL RTM,VED510,Blue Line,,,,,F,45G1,40.0,CARRIER,PURCHASE_AGREEMENT,1
2025,10,IS REY,NL RTM,VED510,Blue Line,,,,,F,45G1,40.0,CARRIER,CABOTAGE,1
2025,10,IS REY,NL RTM,VED510,Blue Line,,,,,F,45G1,40.0,CARRIER,LONG,8
2025,10,IS REY,NL RTM,VED510,Blue Line,,,,,F,45R1,40.0,CARRIER,PURCHASE_AGREEMENT,1
2025,10,IS REY,NL RTM,VED510,Blue Line,,,,,F,LNRB,45.0,CARRIER,PURCHASE_AGREEMENT,1
2025,10,IS REY,NL RTM,VED510,Blue Line,,,,,F,22K2,20.0,SHIPPER,,1
2025,10,IS REY,NL RTM,VED510,Blue Line,,,,,E,45R1,40.0,CARRIER,LONG,3
2025,10,IS REY,NO FRK,LAG510,Yellow Line,,,,,E,45G1,40.0,CARRIER,CABOTAGE,2
2025,10,IS REY,NO FRK,LAG510,Yellow Line,,,,,F,42U1,40.0,CARRIER,LONG,1
2025,10,IS REY,NO FRK,LAG510,Yellow Line,,,,,F,22G1,20.0,LEASED,MASTER,1
2025,10,IS REY,SE HEL,BRU509,Red Line,,,,,F,22G1,20.0,CARRIER,LONG,1
2025,10,IS REY,SE HEL,BRU509,Red Line,,,,,F,4EG1,40.0,CARRIER,LONG,1
2025,10,IS REY,SE HEL,BRU509,Red Line,,,,,F,45R1,40.0,CARRIER,LONG,1
2025,10,IS REY,SE HEL,BRU509,Red Line,,,,,F,45G1,40.0,LEASED,MASTER,1
2025,10,IS REY,SE HEL,BRU509,Red Line,,,,,E,4EG1,40.0,CARRIER,LONG,3
2025,10,IS REY,SE HEL,BRU509,Red Line,,,,,E,22G1,20.0,CARRIER,LONG,1
2025,10,IS REY,US PWM,AVA510,Green Line,,,,,F,45R1,40.0,CARRIER,CABOTAGE,1
2025,10,IS RFJ,FO THO,BRU509,Red Line,FO THO,GB IMM,LAG510,Yellow Line,F,45R1,40.0,CARRIER,LONG,1
2025,10,IS REY,SE HEL,DET510,Red Line,,,,,F,45G1,40.0,CARRIER,PURCHASE_AGREEMENT,1
2025,10,IS REY,DE BRV,DET510,Red Line,,,,,F,45G1,40.0,CARRIER,LONG,1
2025,10,IS REY,NL RTM,JOR511,Blue Line,,,,,F,45R1,40.0,LEASED,ONEWAY,1
2025,10,NL RTM,GB TEE,JOR509,Blue Line,,,,,E,45R1,40.0,CARRIER,PURCHASE_AGREEMENT,1
2025,10,NL RTM,IS GRT,JOR509,Blue Line,,,,,E,22GB,20.0,CARRIER,PURCHASE_AGREEMENT,1
2025,10,NL RTM,IS REY,JOR509,Blue Line,,,,,F,45G1,40.0,CARRIER,PURCHASE_AGREEMENT,10
2025,10,NL RTM,IS REY,JOR509,Blue Line,,,,,F,22U1,20.0,CARRIER,PURCHASE_AGREEMENT,1
2025,10,NL RTM,IS REY,JOR509,Blue Line,IS REY,FO THO,SKO511,Yellow Line,F,22G1,20.0,CARRIER,PURCHASE_AGREEMENT,1
2025,10,NL RTM,IS REY,JOR509,Blue Line,,,,,F,42P3,40.0,CARRIER,LONG,3
2025,10,NL RTM,IS REY,JOR509,Blue Line,,,,,F,22K0,20.0,CARRIER,LONG,1
2025,10,NL RTM,IS REY,JOR509,Blue Line,,,,,F,22G1,20.0,CARRIER,LONG,1
2025,10,NL RTM,IS REY,JOR509,Blue Line,,,,,F,4EG1,40.0,CARRIER,LONG,1
2025,10,NL RTM,IS REY,JOR509,Blue Line,,,,,F,45R1,40.0,CARRIER,PURCHASE_AGREEMENT,5
2025,10,NL RTM,IS REY,JOR509,Blue Line,IS REY,IS VES,LAG512,Yellow Line,F,LNRB,45.0,CARRIER,LONG,1
2025,10,NL RTM,IS REY,JOR509,Blue Line,IS REY,US PWM,VIV512,Green Line,F,45R1,40.0,CARRIER,LONG,1
2025,10,NL RTM,IS REY,JOR509,Blue Line,IS REY,IS RFJ,TUK511,Red Line,F,LNRB,45.0,CARRIER,LONG,1
2025,10,NL RTM,IS REY,JOR509,Blue Line,,,,,F,45R1,40.0,CARRIER,LONG,17
2025,10,NL RTM,IS REY,JOR509,Blue Line,,,,,F,42P3,40.0,LEASED,MASTER,2
2025,10,NL RTM,IS REY,JOR509,Blue Line,,,,,F,45G1,40.0,LEASED,MASTER,1
2025,10,NL RTM,IS REY,JOR509,Blue Line,,,,,F,22G1,20.0,LEASED,ONEWAY,13
2025,10,NL RTM,IS REY,JOR509,Blue Line,,,,,F,22G1,20.0,LEASED,ONEWAY,1
2025,10,NL RTM,IS REY,JOR509,Blue Line,,,,,F,25G2,20.0,SHIPPER,,1
2025,10,NL RTM,IS REY,JOR509,Blue Line,,,,,E,42P3,40.0,CARRIER,LONG,1
2025,10,NL RTM,IS REY,JOR509,Blue Line,,,,,E,LNRB,45.0,CARRIER,PURCHASE_AGREEMENT,1
2025,10,NL RTM,IS REY,JOR509,Blue Line,,,,,E,22R1,20.0,SHIPPER,,1
2025,10,PL SWI,DK AAR,SKO509,Yellow Line,,,,,E,45R1,40.0,LEASED,ONEWAY,1
2025,10,PL SWI,IS REY,SKO509,Yellow Line,,,,,F,22G1,20.0,CARRIER,PURCHASE_AGREEMENT,2
2025,10,PL SWI,IS REY,SKO509,Yellow Line,IS REY,IS VES,SKO511,Yellow Line,F,42P3,40.0,CARRIER,PURCHASE_AGREEMENT,1
2025,10,PL SWI,IS REY,SKO509,Yellow Line,IS REY,US PWM,BAK511,Green Line,F,45G1,40.0,CARRIER,CABOTAGE,1
2025,10,PL SWI,IS REY,SKO509,Yellow Line,IS REY,US PWM,BAK511,Green Line,F,45G1,40.0,CARRIER,LONG,1
2025,10,PL SWI,IS REY,SKO509,Yellow Line,IS REY,US PWM,BAK511,Green Line,F,45R1,40.0,CARRIER,LONG,1
2025,10,PL SWI,IS REY,SKO509,Yellow Line,IS REY,IS GRT,VED510,Blue Line,F,22G1,20.0,LEASED,MASTER,1
2025,10,SE HEL,IS REY,TUK508,Red Line,IS REY,IS GRT,JOR509,Blue Line,F,22G1,20.0,CARRIER,CABOTAGE,2
2025,10,SE HEL,IS REY,TUK508,Red Line,IS REY,US PWM,BAK511,Green Line,F,45G1,40.0,CARRIER,LONG,3
2025,10,SE HEL,IS REY,TUK508,Red Line,,,,,F,45G1,40.0,CARRIER,LONG,1
2025,10,SE HEL,IS REY,TUK508,Red Line,,,,,F,42P3,40.0,CARRIER,LONG,2
2025,10,SE HEL,IS REY,TUK508,Red Line,,,,,F,22G1,20.0,CARRIER,LONG,2
2025,10,SE HEL,IS REY,TUK508,Red Line,,,,,F,45P3,40.0,CARRIER,LONG,2
2025,10,SE HEL,IS REY,TUK508,Red Line,,,,,F,45R1,40.0,CARRIER,PURCHASE_AGREEMENT,1
2025,10,SE HEL,IS REY,TUK508,Red Line,,,,,F,45R1,40.0,CARRIER,LONG,1
2025,10,SE HEL,IS REY,TUK508,Red Line,,,,,F,45G1,40.0,LEASED,MASTER,1
2025,11,CA HAL,IS REY,VIV509,Green Line,,,,,F,22G1,20.0,CARRIER,LONG,1
2025,11,CA HAL,IS REY,VIV509,Green Line,IS REY,NL RTM,JOR513,Blue Line,F,45G1,40.0,CARRIER,LONG,3
2025,11,CA HAL,IS REY,VIV509,Green Line,,,,,F,45R1,40.0,CARRIER,LONG,2
2025,11,CA HAL,IS REY,VIV509,Green Line,IS REY,NL RTM,JOR513,Blue Line,F,45R1,40.0,CARRIER,LONG,1
2025,11,CA HAL,IS REY,VIV509,Green Line,IS REY,DK AAR,BRU512,Red Line,F,45R1,40.0,CARRIER,LONG,1
2025,11,CA HAL,IS REY,VIV509,Green Line,IS REY,GB IMM,SKO513,Yellow Line,F,45R1,40.0,LEASED,ONEWAY,1
2025,11,CA HAL,IS REY,VIV509,Green Line,IS REY,NL RTM,JOR513,Blue Line,F,45R1,40.0,LEASED,ONEWAY,1
2025,11,DE BRV,IS REY,BRU509,Red Line,,,,,F,45G1,40.0,CARRIER,PURCHASE_AGREEMENT,1
2025,11,DE BRV,IS REY,BRU509,Red Line,,,,,F,45G1,40.0,CARRIER,CABOTAGE,1
2025,11,DE BRV,IS REY,BRU509,Red Line,IS REY,US PWM,VIV512,Green Line,F,45P3,40.0,CARRIER,LONG,3
2025,11,DE BRV,IS REY,BRU509,Red Line,,,,,F,22U1,20.0,CARRIER,LONG,1
2025,11,DE BRV,IS REY,BRU509,Red Line,IS REY,IS RFJ,BRU512,Red Line,F,22G1,20.0,CARRIER,LONG,1
2025,11,DE BRV,IS REY,BRU509,Red Line,,,,,F,LNRB,45.0,CARRIER,LONG,2
2025,11,DE BRV,IS REY,BRU509,Red Line,,,,,F,45R1,40.0,CARRIER,LONG,1
2025,11,DE BRV,IS REY,BRU509,Red Line,,,,,F,42P3,40.0,LEASED,MASTER,1
2025,11,DE BRV,IS REY,BRU509,Red Line,,,,,F,45G1,40.0,LEASED,ONEWAY,1
2025,11,DE BRV,IS REY,BRU509,Red Line,,,,,E,22G1,20.0,LEASED,MASTER,1
2025,11,DE BRV,IS REY,BRU509,Red Line,,,,,E,45G2,40.0,SHIPPER,,1
2025,11,DK AAR,FO THO,LAG510,Yellow Line,,,,,F,45G1,40.0,CARRIER,PURCHASE_AGREEMENT,2
2025,11,DK AAR,FO THO,LAG510,Yellow Line,,,,,F,45G1,40.0,CARRIER,LONG,3
2025,11,DK AAR,FO THO,LAG510,Yellow Line,,,,,F,42P3,40.0,CARRIER,LONG,1
2025,11,DK AAR,FO THO,LAG510,Yellow Line,,,,,F,22U1,20.0,SHIPPER,,1
2025,11,DK AAR,FO THO,LAG510,Yellow Line,,,,,F,22G1,20.0,SHIPPER,,1
2025,11,DK AAR,IS REY,BRU509,Red Line,,,,,F,45GB,40.0,CARRIER,PURCHASE_AGREEMENT,1
2025,11,DK AAR,IS REY,BRU509,Red Line,,,,,F,45G1,40.0,CARRIER,PURCHASE_AGREEMENT,2
2025,11,DK AAR,IS REY,BRU509,Red Line,,,,,F,22G1,20.0,CARRIER,PURCHASE_AGREEMENT,1
2025,11,DK AAR,IS REY,BRU509,Red Line,IS REY,IS RFJ,BRU512,Red Line,F,45G1,40.0,CARRIER,CABOTAGE,1
2025,11,DK AAR,IS REY,BRU509,Red Line,,,,,F,45G1,40.0,CARRIER,CABOTAGE,1
2025,11,DK AAR,IS REY,BRU509,Red Line,,,,,F,22G1,20.0,CARRIER,LONG,3
2025,11,DK AAR,IS REY,LAG510,Yellow Line,,,,,F,4EG1,40.0,CARRIER,LONG,1
2025,11,DK AAR,IS REY,BRU509,Red Line,,,,,F,45G1,40.0,CARRIER,LONG,9
2025,11,DK AAR,IS REY,BRU509,Red Line,IS REY,IS VES,LAG512,Yellow Line,F,22G1,20.0,CARRIER,LONG,1
2025,11,DK AAR,IS REY,BRU509,Red Line,IS REY,US PWM,VIV512,Green Line,F,45R1,40.0,CARRIER,LONG,1
2025,11,DK AAR,IS REY,LAG510,Yellow Line,,,,,F,45R1,40.0,CARRIER,LONG,2
2025,11,DK AAR,IS REY,LAG510,Yellow Line,,,,,F,42P3,40.0,LEASED,MASTER,1
2025,11,DK AAR,IS REY,BRU509,Red Line,,,,,F,45G1,40.0,LEASED,ONEWAY,1
2025,11,DK AAR,IS REY,BRU509,Red Line,,,,,F,22G1,20.0,LEASED,PURCHASE,1
2025,11,FO THO,DK AAR,DET510,Red Line,,,,,F,45G1,40.0,CARRIER,CABOTAGE,1
2025,11,FO THO,DK AAR,DET510,Red Line,,,,,F,22G1,20.0,LEASED,MASTER,1
2025,11,FO THO,DK AAR,DET510,Red Line,,,,,F,45R1,40.0,LEASED,ONEWAY,2
2025,11,FO THO,DK AAR,DET510,Red Line,,,,,E,45G1,40.0,CARRIER,PURCHASE_AGREEMENT,3
2025,11,FO THO,GB IMM,SKO511,Yellow Line,,,,,F,45GB,40.0,CARRIER,LONG,2
2025,11,FO THO,IS REY,LAG510,Yellow Line,,,,,E,22G1,20.0,CARRIER,CABOTAGE,1
2025,11,FO THO,IS REY,LAG510,Yellow Line,IS REY,NL RTM,VED512,Blue Line,F,4EG1,40.0,CARRIER,LONG,1
2025,11,FO THO,IS REY,LAG510,Yellow Line,IS REY,CA HAL,AVA513,Green Line,F,45R1,40.0,CARRIER,PURCHASE_AGREEMENT,2
2025,11,FO THO,IS REY,LAG510,Yellow Line,IS REY,US PWM,VIV512,Green Line,F,45R1,40.0,CARRIER,LONG,3
2025,11,GB IMM,FO THO,LAG510,Yellow Line,,,,,E,45R1,40.0,CARRIER,PURCHASE_AGREEMENT,1
2025,11,GB TEE,IS REY,VED510,Blue Line,IS REY,CA NWP,AVA513,Green Line,F,42P3,40.0,CARRIER,PURCHASE_AGREEMENT,1
2025,11,GB TEE,IS REY,VED510,Blue Line,IS REY,SE HEL,TUK511,Red Line,F,42U1,40.0,CARRIER,LONG,1
2025,11,GB TEE,IS REY,VED510,Blue Line,,,,,F,45R1,40.0,CARRIER,PURCHASE_AGREEMENT,2
2025,11,GB TEE,IS REY,VED510,Blue Line,,,,,F,45R1,40.0,CARRIER,LONG,6
2025,11,GB TEE,IS REY,VED510,Blue Line,,,,,E,45G1,40.0,CARRIER,LONG,1
2025,11,IS REY,US PWM,VIV512,Green Line,,,,,F,45R1,40.0,CARRIER,LONG,1
2025,11,IS REY,GB IMM,LAG512,Yellow Line,,,,,F,45R1,40.0,CARRIER,LONG,1
2025,11,IS GRT,IS REY,JOR511,Blue Line,,,,,E,22G1,20.0,CARRIER,CABOTAGE,1
2025,11,IS GRT,IS REY,JOR511,Blue Line,IS REY,GB IMM,LAG512,Yellow Line,F,22G1,20.0,CARRIER,LONG,1
2025,11,IS GRT,IS REY,JOR511,Blue Line,,,,,E,22GB,20.0,LEASED,PURCHASE,1
2025,11,IS GRT,NL RTM,JOR511,Blue Line,,,,,F,22G1,20.0,CARRIER,PURCHASE_AGREEMENT,45
2025,11,IS GRT,NL RTM,JOR511,Blue Line,,,,,F,22GB,20.0,CARRIER,PURCHASE_AGREEMENT,4
2025,11,IS GRT,NL RTM,JOR511,Blue Line,,,,,F,22G1,20.0,CARRIER,LONG,7
2025,11,IS GRT,NL RTM,JOR511,Blue Line,,,,,F,42P3,40.0,CARRIER,LONG,1
2025,11,IS GRT,NL RTM,JOR511,Blue Line,,,,,F,22GB,20.0,CARRIER,LONG,1
2025,11,IS GRT,NL RTM,JOR511,Blue Line,,,,,F,42P3,40.0,LEASED,MASTER,1
2025,11,IS GRT,NL RTM,JOR511,Blue Line,,,,,F,22G1,20.0,LEASED,ONEWAY,1
2025,11,IS GRT,NL RTM,JOR511,Blue Line,,,,,F,22G1,20.0,LEASED,PURCHASE,2
2025,11,IS REY,SE HEL,BRU512,Red Line,,,,,F,45G1,40.0,CARRIER,PURCHASE_AGREEMENT,1
2025,11,IS REY,NL RTM,VED512,Blue Line,,,,,F,22G1,20.0,CARRIER,CABOTAGE,1
2025,11,IS REY,SE HEL,BRU512,Red Line,,,,,F,45G1,40.0,CARRIER,LONG,1
2025,11,IS REY,GB IMM,LAG512,Yellow Line,,,,,F,45R1,40.0,CARRIER,LONG,1
2025,11,IS REY,DE BRV,TUK511,Red Line,,,,,F,45R1,40.0,CARRIER,LONG,1
2025,11,IS REY,NL RTM,VED512,Blue Line,,,,,F,45R1,40.0,CARRIER,LONG,1
2025,11,IS REY,CA NWP,BAK511,Green Line,,,,,E,42P3,40.0,CARRIER,LONG,4
2025,11,IS REY,DE BRV,DET510,Red Line,,,,,E,45G1,40.0,CARRIER,CABOTAGE,3
2025,11,IS REY,DE BRV,DET510,Red Line,,,,,F,45G1,40.0,CARRIER,PURCHASE_AGREEMENT,3
2025,11,IS REY,DE BRV,DET510,Red Line,,,,,F,45R1,40.0,CARRIER,PURCHASE_AGREEMENT,1
2025,11,IS REY,DE BRV,DET510,Red Line,,,,,F,45G1,40.0,LEASED,MASTER,1
2025,11,IS REY,DE BRV,DET510,Red Line,,,,,F,45R1,40.0,LEASED,ONEWAY,1
2025,11,IS REY,DK AAR,DET510,Red Line,,,,,F,4EG1,40.0,CARRIER,LONG,1
2025,11,IS REY,DK AAR,DET510,Red Line,,,,,E,45P3,40.0,CARRIER,LONG,2
2025,11,IS REY,DK AAR,DET510,Red Line,,,,,E,42U1,40.0,CARRIER,LONG,5
2025,11,IS REY,DK AAR,DET510,Red Line,,,,,E,22K0,20.0,CARRIER,LONG,1
2025,11,IS REY,DK AAR,DET510,Red Line,,,,,E,4EG1,40.0,CARRIER,PURCHASE_AGREEMENT,1
2025,11,IS REY,DK AAR,DET510,Red Line,,,,,E,45G1,40.0,CARRIER,PURCHASE_AGREEMENT,6
2025,11,IS REY,FO THO,SKO511,Yellow Line,,,,,F,45G1,40.0,CARRIER,LONG,1
2025,11,IS REY,FO THO,SKO511,Yellow Line,,,,,E,45R1,40.0,CARRIER,PURCHASE_AGREEMENT,1
2025,11,IS REY,FO THO,SKO511,Yellow Line,,,,,E,LNRB,45.0,CARRIER,LONG,2
2025,11,IS REY,FO THO,SKO511,Yellow Line,,,,,E,45R1,40.0,CARRIER,LONG,4
2025,11,IS REY,GB IMM,SKO511,Yellow Line,,,,,F,22K0,20.0,CARRIER,LONG,1
2025,11,IS REY,GB TEE,JOR511,Blue Line,,,,,E,45R1,40.0,CARRIER,PURCHASE_AGREEMENT,2
2025,11,IS REY,GB TEE,JOR511,Blue Line,,,,,E,45G1,40.0,CARRIER,PURCHASE_AGREEMENT,2
2025,11,IS REY,IS GRT,JOR509,Blue Line,,,,,E,22G1,20.0,LEASED,ONEWAY,2
2025,11,IS REY,IS GRT,JOR509,Blue Line,,,,,E,22GB,20.0,CARRIER,PURCHASE_AGREEMENT,1
2025,11,IS REY,IS VES,SKO511,Yellow Line,,,,,F,45P3,40.0,CARRIER,LONG,1
2025,11,IS REY,IS VES,SKO511,Yellow Line,,,,,F,45R1,40.0,CARRIER,PURCHASE_AGREEMENT,1
2025,11,IS REY,NL RTM,JOR511,Blue Line,,,,,E,45G2,40.0,CARRIER,CABOTAGE,1
2025,11,IS REY,NL RTM,JOR511,Blue Line,,,,,E,45G1,40.0,CARRIER,CABOTAGE,15
2025,11,IS REY,NL RTM,JOR511,Blue Line,,,,,E,45R1,40.0,LEASED,ONEWAY,1
2025,11,IS REY,NL RTM,JOR511,Blue Line,,,,,F,4EG1,40.0,CARRIER,PURCHASE_AGREEMENT,1
2025,11,IS REY,NL RTM,JOR511,Blue Line,,,,,F,42U1,40.0,CARRIER,LONG,1
2025,11,IS REY,NL RTM,JOR511,Blue Line,,,,,F,45R1,40.0,CARRIER,PURCHASE_AGREEMENT,5
2025,11,IS REY,NL RTM,JOR511,Blue Line,,,,,F,45R1,40.0,CARRIER,LONG,9
2025,11,IS REY,NL RTM,JOR511,Blue Line,,,,,F,22K0,20.0,SHIPPER,,1
2025,11,IS REY,NL RTM,JOR511,Blue Line,,,,,E,45G1,40.0,CARRIER,LONG,5
2025,11,IS REY,NL RTM,JOR511,Blue Line,,,,,F,45R1,40.0,LEASED,ONEWAY,1
2025,11,IS REY,NL RTM,JOR511,Blue Line,,,,,F,LNRB,45.0,LEASED,PURCHASE,1
2025,11,IS REY,PL SWI,SKO511,Yellow Line,,,,,E,22G1,20.0,CARRIER,LONG,4
2025,11,IS REY,PL SWI,SKO511,Yellow Line,,,,,E,45U1,40.0,CARRIER,LONG,1
2025,11,IS REY,SE HEL,DET510,Red Line,,,,,F,4EG1,40.0,CARRIER,LONG,1
2025,11,IS REY,SE HEL,DET510,Red Line,,,,,F,22K0,20.0,SHIPPER,,2
2025,11,IS REY,SE HEL,DET510,Red Line,,,,,E,45R1,40.0,CARRIER,LONG,3
2025,11,IS REY,SE HEL,DET510,Red Line,,,,,E,42P3,40.0,CARRIER,PURCHASE_AGREEMENT,1
2025,11,IS REY,US PWM,BAK511,Green Line,,,,,F,LNRB,45.0,CARRIER,PURCHASE_AGREEMENT,1
2025,11,IS REY,US PWM,BAK511,Green Line,,,,,F,45R1,40.0,CARRIER,LONG,7
2025,11,IS REY,NL RTM,VED512,Blue Line,,,,,F,22K0,20.0,CARRIER,LONG,1
2025,11,IS VES,DK AAR,SKO511,Yellow Line,,,,,E,22G1,20.0,CARRIER,LONG,1
2025,11,IS VES,DK AAR,SKO511,Yellow Line,,,,,E,42P3,40.0,CARRIER,LONG,1
2025,11,IS VES,DK AAR,SKO511,Yellow Line,,,,,E,42P3,40.0,LEASED,MASTER,1
2025,11,IS VES,PL SWI,SKO511,Yellow Line,,,,,F,45R1,40.0,CARRIER,LONG,4
2025,11,NL RTM,IS GRT,VED510,Blue Line,,,,,E,22GB,20.0,CARRIER,CABOTAGE,1
2025,11,NL RTM,IS GRT,VED510,Blue Line,,,,,F,22G1,20.0,CARRIER,LONG,5
2025,11,NL RTM,IS GRT,VED510,Blue Line,,,,,F,22GB,20.0,LEASED,MASTER,1
2025,11,NL RTM,IS GRT,VED510,Blue Line,,,,,E,22G1,20.0,CARRIER,LONG,7
2025,11,NL RTM,IS GRT,VED510,Blue Line,,,,,E,22G1,20.0,CARRIER,PURCHASE_AGREEMENT,14
2025,11,NL RTM,IS GRT,VED510,Blue Line,,,,,E,22GB,20.0,CARRIER,PURCHASE_AGREEMENT,1
2025,11,NL RTM,IS GRT,VED510,Blue Line,,,,,E,45P3,40.0,CARRIER,PURCHASE_AGREEMENT,3
2025,11,NL RTM,IS GRT,VED510,Blue Line,,,,,E,22G1,20.0,LEASED,MASTER,3
2025,11,NL RTM,IS GRT,VED510,Blue Line,,,,,E,22GB,20.0,LEASED,MASTER,1
2025,11,NL RTM,IS GRT,VED510,Blue Line,,,,,E,22G1,20.0,LEASED,PURCHASE,1
2025,11,NL RTM,IS GRT,VED510,Blue Line,,,,,E,22GB,20.0,LEASED,PURCHASE,1
2025,11,NL RTM,IS REY,VED510,Blue Line,,,,,E,22R1,20.0,LEASED,ONEWAY,1
2025,11,NL RTM,IS REY,VED510,Blue Line,,,,,F,4EG1,40.0,CARRIER,PURCHASE_AGREEMENT,2
2025,11,NL RTM,IS REY,VED510,Blue Line,,,,,F,22G1,20.0,CARRIER,PURCHASE_AGREEMENT,1
2025,11,NL RTM,IS REY,VED510,Blue Line,IS REY,CA HAL,AVA513,Green Line,F,45G1,40.0,CARRIER,PURCHASE_AGREEMENT,1
2025,11,NL RTM,IS REY,VED510,Blue Line,IS REY,US PWM,VIV512,Green Line,F,45G1,40.0,CARRIER,PURCHASE_AGREEMENT,1
2025,11,NL RTM,IS REY,VED510,Blue Line,,,,,F,45G1,40.0,CARRIER,CABOTAGE,7
2025,11,NL RTM,IS REY,VED510,Blue Line,,,,,F,22G1,20.0,CARRIER,CABOTAGE,2
2025,11,NL RTM,IS REY,VED510,Blue Line,,,,,F,45G1,40.0,CARRIER,CABOTAGE,1
2025,11,NL RTM,IS REY,VED510,Blue Line,IS REY,US PWM,VIV512,Green Line,F,45G1,40.0,CARRIER,LONG,1
2025,11,NL RTM,IS REY,VED510,Blue Line,IS REY,IS VES,LAG512,Yellow Line,F,45P3,40.0,CARRIER,LONG,1
2025,11,NL RTM,IS REY,VED510,Blue Line,IS REY,IS RFJ,TUK511,Red Line,F,LNRB,45.0,CARRIER,PURCHASE_AGREEMENT,1
2025,11,NL RTM,IS REY,VED510,Blue Line,,,,,F,45R1,40.0,CARRIER,PURCHASE_AGREEMENT,4
2025,11,NL RTM,IS REY,VED510,Blue Line,IS REY,US PWM,VIV512,Green Line,F,45R1,40.0,CARRIER,LONG,1
2025,11,NL RTM,IS REY,VED510,Blue Line,,,,,F,22G1,20.0,LEASED,MASTER,1
2025,11,NL RTM,IS REY,VED510,Blue Line,,,,,F,22G1,20.0,LEASED,ONEWAY,1
2025,11,NL RTM,IS REY,VED510,Blue Line,,,,,F,22K2,20.0,SHIPPER,,2
2025,11,NL RTM,IS REY,VED510,Blue Line,,,,,F,45R1,40.0,CARRIER,CABOTAGE,1
2025,11,NL RTM,IS REY,VED510,Blue Line,,,,,E,LNRB,45.0,CARRIER,LONG,1
2025,11,NO FRK,IS REY,LAG510,Yellow Line,,,,,F,22G1,20.0,CARRIER,PURCHASE_AGREEMENT,1
2025,11,NO FRK,IS REY,LAG510,Yellow Line,IS REY,US PWM,VIV512,Green Line,F,42P3,40.0,CARRIER,PURCHASE_AGREEMENT,1
2025,11,NO FRK,IS REY,LAG510,Yellow Line,,,,,F,45P3,40.0,CARRIER,LONG,1
2025,11,NO FRK,IS REY,LAG510,Yellow Line,,,,,F,22G1,20.0,CARRIER,LONG,1
2025,11,NO FRK,IS REY,LAG510,Yellow Line,IS REY,CA NWP,AVA513,Green Line,F,22G1,20.0,CARRIER,LONG,1
2025,11,NO FRK,IS REY,LAG510,Yellow Line,IS REY,US PWM,VIV512,Green Line,F,45G1,40.0,CARRIER,LONG,1
2025,11,NO FRK,IS REY,LAG510,Yellow Line,IS REY,IS VES,LAG512,Yellow Line,F,42P3,40.0,LEASED,MASTER,1
2025,11,NO FRK,IS REY,LAG510,Yellow Line,,,,,F,22G1,20.0,LEASED,MASTER,1
2025,11,SE HEL,DK AAR,BRU509,Red Line,,,,,E,45G1,40.0,CARRIER,LONG,2
2025,11,SE HEL,IS REY,BRU509,Red Line,,,,,F,45P3,40.0,CARRIER,LONG,1
2025,11,SE HEL,IS REY,BRU509,Red Line,IS REY,IS GRT,JOR511,Blue Line,F,45G1,40.0,CARRIER,LONG,1
2025,11,SE HEL,IS REY,BRU509,Red Line,,,,,F,22G1,20.0,CARRIER,LONG,1
2025,11,SE HEL,IS REY,BRU509,Red Line,IS REY,IS GRT,JOR511,Blue Line,F,45R1,40.0,CARRIER,PURCHASE_AGREEMENT,1
2025,11,US PWM,CA NWP,VIV509,Green Line,,,,,E,42P3,40.0,CARRIER,PURCHASE_AGREEMENT,1
2025,11,US PWM,CA NWP,VIV509,Green Line,,,,,E,42P3,40.0,LEASED,MASTER,1
2025,11,US PWM,IS REY,VIV509,Green Line,,,,,F,45G1,40.0,CARRIER,PURCHASE_AGREEMENT,1
2025,11,US PWM,IS REY,AVA510,Green Line,IS REY,GB IMM,SKO513,Yellow Line,F,45G1,40.0,CARRIER,CABOTAGE,1
2025,11,US PWM,IS REY,VIV509,Green Line,,,,,F,22G1,20.0,CARRIER,LONG,1
2025,11,US PWM,IS REY,VIV509,Green Line,IS REY,GB IMM,SKO513,Yellow Line,F,22G1,20.0,CARRIER,LONG,1
2025,11,US PWM,IS REY,AVA510,Green Line,,,,,F,45R1,40.0,CARRIER,PURCHASE_AGREEMENT,1
2025,12,CA HAL,IS REY,AVA510,Green Line,,,,,F,45G1,40.0,CARRIER,LONG,1
2025,12,CA HAL,IS REY,BAK511,Green Line,,,,,F,42P3,40.0,CARRIER,LONG,1
2025,12,CA HAL,IS REY,AVA510,Green Line,IS REY,DK AAR,BRU512,Red Line,F,45R1,40.0,CARRIER,LONG,1
2025,12,CA NWP,IS REY,VIV509,Green Line,,,,,E,45G1,40.0,CARRIER,CABOTAGE,1
2025,12,CA NWP,IS REY,VIV509,Green Line,IS REY,SE HEL,BRU512,Red Line,F,22G1,20.0,CARRIER,CABOTAGE,1
2025,12,CA NWP,IS REY,VIV509,Green Line,IS REY,DK AAR,BRU512,Red Line,F,22G1,20.0,CARRIER,LONG,1
2025,12,DE BRV,IS REY,DET510,Red Line,IS REY,US PWM,AVA513,Green Line,F,22G1,20.0,CARRIER,CABOTAGE,1
2025,12,DE BRV,IS REY,DET510,Red Line,IS REY,US PWM,AVA513,Green Line,F,45G1,40.0,CARRIER,CABOTAGE,1
2025,12,DE BRV,IS REY,DET510,Red Line,,,,,F,45G1,40.0,CARRIER,CABOTAGE,2
2025,12,DE BRV,IS REY,DET510,Red Line,,,,,F,42P3,40.0,CARRIER,CABOTAGE,1
2025,12,DE BRV,IS REY,DET510,Red Line,,,,,F,45G1,40.0,CARRIER,LONG,4
2025,12,DE BRV,IS REY,DET510,Red Line,IS REY,US PWM,AVA513,Green Line,F,22G1,20.0,CARRIER,LONG,1
2025,12,DE BRV,IS REY,DET510,Red Line,,,,,F,45R1,40.0,CARRIER,LONG,1
2025,12,DE BRV,IS REY,DET510,Red Line,IS REY,IS GRT,VED512,Blue Line,F,45R1,40.0,CARRIER,LONG,1
2025,12,DE BRV,IS REY,DET510,Red Line,IS REY,US PWM,AVA513,Green Line,F,45R1,40.0,CARRIER,LONG,3
2025,12,DK AAR,FO THO,SKO511,Yellow Line,,,,,E,45G1,40.0,LEASED,ONEWAY,2
2025,12,DK AAR,FO THO,SKO511,Yellow Line,,,,,F,45G1,40.0,CARRIER,PURCHASE_AGREEMENT,2
2025,12,DK AAR,FO THO,SKO511,Yellow Line,,,,,F,42P3,40.0,CARRIER,CABOTAGE,2
2025,12,DK AAR,FO THO,SKO511,Yellow Line,,,,,F,4EG1,40.0,CARRIER,LONG,6
2025,12,DK AAR,FO THO,SKO511,Yellow Line,,,,,F,LEG2,45.0,CARRIER,LONG,1
2025,12,DK AAR,FO THO,SKO511,Yellow Line,,,,,F,4EG1,40.0,LEASED,MASTER,1
2025,12,DK AAR,FO THO,SKO511,Yellow Line,,,,,F,42P3,40.0,LEASED,MASTER,1
2025,12,DK AAR,FO THO,SKO511,Yellow Line,,,,,F,22K0,20.0,SHIPPER,,1
2025,12,DK AAR,IS REY,DET510,Red Line,IS REY,CA NWP,AVA513,Green Line,F,45G1,40.0,CARRIER,PURCHASE_AGREEMENT,1
2025,12,DK AAR,IS REY,DET510,Red Line,,,,,F,42P3,40.0,CARRIER,PURCHASE_AGREEMENT,1
2025,12,DK AAR,IS REY,DET510,Red Line,IS REY,US PWM,AVA513,Green Line,F,45G1,40.0,CARRIER,CABOTAGE,1
2025,12,DK AAR,IS REY,SKO511,Yellow Line,,,,,F,45G1,40.0,CARRIER,CABOTAGE,1
2025,12,DK AAR,IS REY,DET510,Red Line,IS REY,CA HAL,AVA513,Green Line,F,45G1,40.0,CARRIER,LONG,1
2025,12,DK AAR,IS REY,SKO511,Yellow Line,,,,,F,45G1,40.0,CARRIER,LONG,2
2025,12,DK AAR,IS REY,DET510,Red Line,,,,,F,22G1,20.0,CARRIER,LONG,1
2025,12,DK AAR,IS REY,DET510,Red Line,,,,,F,45P3,40.0,CARRIER,LONG,2
2025,12,DK AAR,IS REY,DET510,Red Line,IS REY,US PWM,AVA513,Green Line,F,45G1,40.0,CARRIER,LONG,1
2025,12,DK AAR,IS REY,DET510,Red Line,,,,,F,4EG1,40.0,CARRIER,LONG,2
2025,12,DK AAR,IS REY,DET510,Red Line,IS REY,US PWM,AVA513,Green Line,F,45R1,40.0,CARRIER,LONG,1
2025,12,DK AAR,IS REY,DET510,Red Line,IS REY,CA NWP,AVA513,Green Line,F,45G1,40.0,LEASED,ONEWAY,1
2025,12,DK AAR,IS REY,SKO511,Yellow Line,,,,,F,45G1,40.0,LEASED,ONEWAY,1
2025,12,DK AAR,IS REY,DET510,Red Line,,,,,E,45R1,40.0,CARRIER,LONG,1
2025,12,FO THO,DE BRV,TUK511,Red Line,,,,,E,42P3,40.0,CARRIER,PURCHASE_AGREEMENT,1
2025,12,FO THO,DK AAR,TUK511,Red Line,,,,,F,45G1,40.0,CARRIER,CABOTAGE,1
2025,12,FO THO,DK AAR,TUK511,Red Line,,,,,F,45G1,40.0,LEASED,ONEWAY,1
2025,12,FO THO,DK AAR,TUK511,Red Line,,,,,F,45R1,40.0,LEASED,ONEWAY,2
2025,12,FO THO,DK AAR,TUK511,Red Line,,,,,E,22G1,20.0,LEASED,MASTER,1
2025,12,FO THO,GB IMM,LAG512,Yellow Line,,,,,F,LNRB,45.0,LEASED,PURCHASE,1
2025,12,FO THO,IS REY,SKO511,Yellow Line,IS REY,NL RTM,JOR513,Blue Line,F,22G1,20.0,CARRIER,LONG,1
2025,12,FO THO,IS REY,SKO511,Yellow Line,IS REY,CA HAL,AVA513,Green Line,F,45R1,40.0,CARRIER,LONG,1
2025,12,FO THO,IS REY,SKO511,Yellow Line,IS REY,US PWM,AVA513,Green Line,F,45R1,40.0,CARRIER,LONG,8
2025,12,FO THO,SE HEL,TUK511,Red Line,,,,,E,42P3,40.0,CARRIER,LONG,1
2025,12,GB IMM,DK AAR,SKO511,Yellow Line,,,,,E,45R1,40.0,CARRIER,PURCHASE_AGREEMENT,1
2025,12,GB IMM,FO THO,SKO511,Yellow Line,,,,,F,45R1,40.0,CARRIER,PURCHASE_AGREEMENT,1
2025,12,GB IMM,FO THO,SKO511,Yellow Line,,,,,F,45R1,40.0,CARRIER,LONG,1
2025,12,GB IMM,IS REY,SKO511,Yellow Line,,,,,E,22G1,20.0,CARRIER,CABOTAGE,2
2025,12,GB IMM,IS REY,SKO511,Yellow Line,IS REY,IS VES,SKO513,Yellow Line,F,22H5,20.0,CARRIER,PURCHASE_AGREEMENT,1
2025,12,GB IMM,IS REY,SKO511,Yellow Line,,,,,E,22G1,20.0,CARRIER,LONG,1
2025,12,GB IMM,IS REY,SKO511,Yellow Line,,,,,E,22H5,20.0,CARRIER,PURCHASE_AGREEMENT,1
2025,12,GB TEE,IS REY,JOR511,Blue Line,IS REY,US PWM,AVA513,Green Line,F,45G1,40.0,CARRIER,LONG,1
2025,12,GB TEE,IS REY,JOR511,Blue Line,,,,,F,45G1,40.0,CARRIER,LONG,1
2025,12,GB TEE,IS REY,JOR511,Blue Line,,,,,F,22G1,20.0,CARRIER,LONG,1
2025,12,GB TEE,IS REY,JOR511,Blue Line,IS REY,US PWM,AVA513,Green Line,F,45R1,40.0,CARRIER,PURCHASE_AGREEMENT,1
2025,12,GB TEE,IS REY,JOR511,Blue Line,IS REY,CA NWP,AVA513,Green Line,F,42P3,40.0,LEASED,MASTER,1
2025,12,GB TEE,IS REY,JOR511,Blue Line,,,,,E,45R1,40.0,CARRIER,PURCHASE_AGREEMENT,1
2025,12,IS REY,DE BRV,BRU512,Red Line,,,,,F,4EG1,40.0,CARRIER,PURCHASE_AGREEMENT,1
2025,12,IS REY,NL RTM,JOR513,Blue Line,,,,,F,45G1,40.0,CARRIER,PURCHASE_AGREEMENT,1
2025,12,IS REY,NL RTM,JOR513,Blue Line,,,,,F,45R1,40.0,CARRIER,PURCHASE_AGREEMENT,1
2025,12,IS REY,US PWM,AVA513,Green Line,,,,,F,45R1,40.0,CARRIER,PURCHASE_AGREEMENT,1
2025,12,IS GRT,IS REY,VED512,Blue Line,IS REY,GB IMM,SKO513,Yellow Line,F,22G1,20.0,CARRIER,LONG,1
2025,12,IS GRT,IS REY,VED512,Blue Line,,,,,E,22GB,20.0,CARRIER,LONG,1
2025,12,IS GRT,NL RTM,VED512,Blue Line,,,,,F,22GB,20.0,CARRIER,PURCHASE_AGREEMENT,1
2025,12,IS GRT,NL RTM,VED512,Blue Line,,,,,F,45P3,40.0,CARRIER,PURCHASE_AGREEMENT,3
2025,12,IS GRT,NL RTM,VED512,Blue Line,,,,,F,42P3,40.0,LEASED,MASTER,1
2025,12,IS REY,NL RTM,JOR513,Blue Line,,,,,F,22G1,20.0,CARRIER,CABOTAGE,2
2025,12,IS REY,NL RTM,JOR513,Blue Line,,,,,F,22GB,20.0,CARRIER,CABOTAGE,1
2025,12,IS REY,NL RTM,JOR513,Blue Line,,,,,F,45R1,40.0,CARRIER,PURCHASE_AGREEMENT,1
2025,12,IS REY,DE BRV,TUK511,Red Line,,,,,F,45G1,40.0,CARRIER,LONG,1
2025,12,IS REY,DE BRV,TUK511,Red Line,,,,,F,45R1,40.0,CARRIER,PURCHASE_AGREEMENT,1
2025,12,IS REY,DE BRV,TUK511,Red Line,,,,,F,45R1,40.0,CARRIER,LONG,1
2025,12,IS REY,DE BRV,TUK511,Red Line,,,,,F,45R1,40.0,LEASED,ONEWAY,1
2025,12,IS REY,DK AAR,TUK511,Red Line,,,,,F,45G1,40.0,CARRIER,LONG,1
2025,12,IS REY,DK AAR,TUK511,Red Line,,,,,F,22K0,20.0,SHIPPER,,1
2025,12,IS REY,DK AAR,TUK511,Red Line,,,,,E,42P3,40.0,CARRIER,PURCHASE_AGREEMENT,1
2025,12,IS REY,DK AAR,TUK511,Red Line,,,,,F,42P3,40.0,CARRIER,,1
2025,12,IS REY,FO THO,LAG512,Yellow Line,,,,,F,42P3,40.0,CARRIER,PURCHASE_AGREEMENT,1
2025,12,IS REY,GB IMM,LAG512,Yellow Line,,,,,F,45R1,40.0,CARRIER,PURCHASE_AGREEMENT,6
2025,12,IS REY,IS GRT,VED510,Blue Line,,,,,E,22G1,20.0,CARRIER,LONG,1
2025,12,IS REY,IS RFJ,TUK511,Red Line,,,,,E,45R1,40.0,LEASED,ONEWAY,1
2025,12,IS REY,IS RFJ,TUK511,Red Line,,,,,F,45P3,40.0,CARRIER,LONG,1
2025,12,IS REY,IS RFJ,TUK511,Red Line,,,,,E,45R1,40.0,CARRIER,LONG,1
2025,12,IS REY,IS VES,LAG512,Yellow Line,,,,,F,45G1,40.0,CARRIER,PURCHASE_AGREEMENT,1
2025,12,IS REY,IS VES,LAG512,Yellow Line,,,,,F,22G1,20.0,CARRIER,LONG,1
2025,12,IS REY,IS VES,LAG512,Yellow Line,,,,,F,45RB,40.0,CARRIER,PURCHASE_AGREEMENT,1
2025,12,IS REY,NL RTM,VED512,Blue Line,,,,,E,42U1,40.0,LEASED,ONEWAY,1
2025,12,IS REY,NL RTM,VED512,Blue Line,,,,,F,22G1,20.0,CARRIER,PURCHASE_AGREEMENT,1
2025,12,IS REY,NL RTM,VED512,Blue Line,,,,,F,45R1,40.0,CARRIER,PURCHASE_AGREEMENT,3
2025,12,IS REY,NL RTM,VED512,Blue Line,,,,,E,4EG1,40.0,CARRIER,LONG,2
2025,12,IS REY,NL RTM,VED512,Blue Line,,,,,E,45R1,40.0,CARRIER,LONG,1
2025,12,IS REY,NL RTM,VED512,Blue Line,,,,,E,22G1,20.0,LEASED,MASTER,1
2025,12,IS REY,NL RTM,VED512,Blue Line,,,,,E,42G1,40.0,LEASED,MASTER,2
2025,12,IS REY,NL RTM,VED512,Blue Line,,,,,F,45R1,40.0,CARRIER,,1
2025,12,IS REY,NO FRK,LAG512,Yellow Line,,,,,E,42P3,40.0,CARRIER,CABOTAGE,1
2025,12,IS REY,NO FRK,LAG512,Yellow Line,,,,,F,45G1,40.0,CARRIER,PURCHASE_AGREEMENT,2
2025,12,IS REY,NO FRK,LAG512,Yellow Line,,,,,F,42U1,40.0,CARRIER,LONG,1
2025,12,IS REY,NO FRK,LAG512,Yellow Line,,,,,F,45R1,40.0,CARRIER,LONG,1
2025,12,IS REY,NO FRK,LAG512,Yellow Line,,,,,F,22K0,20.0,SHIPPER,,1
2025,12,IS REY,NO FRK,LAG512,Yellow Line,,,,,F,45R1,40.0,LEASED,ONEWAY,1
2025,12,IS REY,NO FRK,LAG512,Yellow Line,,,,,E,45G1,40.0,CARRIER,PURCHASE_AGREEMENT,3
2025,12,IS REY,SE HEL,TUK511,Red Line,,,,,F,42U1,40.0,CARRIER,PURCHASE_AGREEMENT,1
2025,12,IS REY,SE HEL,TUK511,Red Line,,,,,E,4EG1,40.0,CARRIER,LONG,1
2025,12,IS REY,SE HEL,TUK511,Red Line,,,,,E,42G1,40.0,CARRIER,LONG,1
2025,12,IS REY,SE HEL,TUK511,Red Line,,,,,F,45R1,40.0,LEASED,ONEWAY,1
2025,12,IS REY,SE HEL,TUK511,Red Line,,,,,E,45R1,40.0,CARRIER,PURCHASE_AGREEMENT,3
2025,12,IS REY,SE HEL,TUK511,Red Line,,,,,E,45R1,40.0,CARRIER,LONG,3
2025,12,IS REY,SE HEL,TUK511,Red Line,,,,,E,4EG1,40.0,CARRIER,PURCHASE_AGREEMENT,1
2025,12,IS REY,SE HEL,TUK511,Red Line,,,,,E,42G1,40.0,CARRIER,PURCHASE_AGREEMENT,1
2025,12,IS REY,SE HEL,TUK511,Red Line,,,,,E,42G1,40.0,LEASED,MASTER,1
2025,12,IS REY,SE HEL,TUK511,Red Line,,,,,E,42G1,40.0,LEASED,PURCHASE,1
2025,12,IS REY,US PWM,VIV512,Green Line,,,,,F,45G1,40.0,CARRIER,CABOTAGE,1
2025,12,IS REY,US PWM,VIV512,Green Line,,,,,F,45G1,40.0,CARRIER,LONG,4
2025,12,IS REY,US PWM,VIV512,Green Line,,,,,F,22G1,20.0,LEASED,MASTER,1
2025,12,IS RFJ,DE BRV,TUK511,Red Line,,,,,F,LNRB,45.0,CARRIER,LONG,1
2025,12,IS RFJ,DE BRV,TUK511,Red Line,,,,,F,45R1,40.0,LEASED,ONEWAY,1
2025,12,IS RFJ,FO THO,TUK511,Red Line,FO THO,IS REY,SKO511,Yellow Line,F,45G1,40.0,CARRIER,PURCHASE_AGREEMENT,1
2025,12,IS RFJ,FO THO,TUK511,Red Line,FO THO,IS REY,SKO511,Yellow Line,E,45P3,40.0,CARRIER,PURCHASE_AGREEMENT,1
2025,12,IS REY,FO THO,SKO513,Yellow Line,,,,,F,45G1,40.0,LEASED,PURCHASE,1
2025,12,IS VES,DK AAR,LAG512,Yellow Line,,,,,F,45G1,40.0,LEASED,ONEWAY,1
2025,12,IS VES,FO THO,LAG512,Yellow Line,FO THO,DE BRV,TUK511,Red Line,E,45G1,40.0,CARRIER,CABOTAGE,1
2025,12,IS VES,FO THO,LAG512,Yellow Line,FO THO,IS REY,SKO511,Yellow Line,F,45R1,40.0,CARRIER,LONG,1
2025,12,NL RTM,IS GRT,JOR511,Blue Line,,,,,F,22G1,20.0,CARRIER,PURCHASE_AGREEMENT,28
2025,12,NL RTM,IS GRT,JOR511,Blue Line,,,,,F,22G1,20.0,LEASED,PURCHASE,1
2025,12,NL RTM,IS GRT,JOR511,Blue Line,,,,,E,22GB,20.0,LEASED,PURCHASE,1
2025,12,NL RTM,IS REY,JOR511,Blue Line,IS REY,IS GRT,VED512,Blue Line,F,22G1,20.0,CARRIER,PURCHASE_AGREEMENT,1
2025,12,NL RTM,IS REY,JOR511,Blue Line,,,,,F,45P3,40.0,CARRIER,PURCHASE_AGREEMENT,1
2025,12,NL RTM,IS REY,JOR511,Blue Line,IS REY,FO THO,BRU512,Red Line,F,45G1,40.0,CARRIER,CABOTAGE,1
2025,12,NL RTM,IS REY,JOR511,Blue Line,IS REY,CA HAL,AVA513,Green Line,F,45G1,40.0,CARRIER,CABOTAGE,1
2025,12,NL RTM,IS REY,JOR511,Blue Line,IS REY,CA HAL,AVA513,Green Line,F,42U1,40.0,CARRIER,LONG,1
2025,12,NL RTM,IS REY,JOR511,Blue Line,IS REY,US PWM,AVA513,Green Line,F,45R1,40.0,CARRIER,LONG,1
2025,12,NL RTM,IS REY,JOR511,Blue Line,,,,,F,42P3,40.0,LEASED,MASTER,1
2025,12,NL RTM,IS REY,JOR511,Blue Line,,,,,F,22G1,20.0,LEASED,MASTER,1
2025,12,NL RTM,IS REY,JOR511,Blue Line,IS REY,CA HAL,AVA513,Green Line,F,45G1,40.0,LEASED,ONEWAY,2
2025,12,NL RTM,IS REY,JOR511,Blue Line,,,,,F,22U1,20.0,LEASED,ONEWAY,1
2025,12,NL RTM,IS REY,JOR511,Blue Line,,,,,F,4EG1,40.0,LEASED,ONEWAY,1
2025,12,NL RTM,IS REY,JOR511,Blue Line,,,,,F,22K0,20.0,SHIPPER,,2
2025,12,NL RTM,IS REY,JOR511,Blue Line,,,,,E,LNRB,45.0,CARRIER,PURCHASE_AGREEMENT,1
2025,12,NL RTM,IS REY,JOR511,Blue Line,,,,,E,LNRB,45.0,CARRIER,LONG,1
2025,12,NL RTM,IS REY,JOR511,Blue Line,,,,,F,LNRB,45.0,LEASED,PURCHASE,1
2025,12,PL SWI,DK AAR,SKO511,Yellow Line,,,,,E,45R1,40.0,LEASED,ONEWAY,1
2025,12,PL SWI,DK AAR,SKO511,Yellow Line,,,,,E,45R1,40.0,CARRIER,PURCHASE_AGREEMENT,3
2025,12,PL SWI,DK AAR,SKO511,Yellow Line,,,,,E,45R1,40.0,CARRIER,LONG,1
2025,12,PL SWI,IS REY,SKO511,Yellow Line,IS REY,US PWM,AVA513,Green Line,F,42P3,40.0,CARRIER,PURCHASE_AGREEMENT,1
2025,12,PL SWI,IS REY,SKO511,Yellow Line,,,,,F,45G1,40.0,CARRIER,LONG,1
2025,12,PL SWI,IS REY,SKO511,Yellow Line,IS REY,US PWM,AVA513,Green Line,F,45R1,40.0,CARRIER,LONG,1
2025,12,PL SWI,IS REY,SKO511,Yellow Line,,,,,F,45G1,40.0,SHIPPER,,1
2025,12,SE HEL,IS REY,DET510,Red Line,,,,,F,45G1,40.0,CARRIER,PURCHASE_AGREEMENT,1
2025,12,SE HEL,IS REY,DET510,Red Line,IS REY,US PWM,AVA513,Green Line,F,45G1,40.0,CARRIER,PURCHASE_AGREEMENT,1
2025,12,SE HEL,IS REY,DET510,Red Line,IS REY,IS GRT,JOR511,Blue Line,F,22G1,20.0,CARRIER,CABOTAGE,1
2025,12,SE HEL,IS REY,DET510,Red Line,,,,,F,45P3,40.0,CARRIER,LONG,1
2025,12,SE HEL,IS REY,DET510,Red Line,,,,,F,45G1,40.0,LEASED,PURCHASE,1
2025,12,US PWM,CA NWP,BAK511,Green Line,,,,,E,22G1,20.0,CARRIER,LONG,2
2025,12,US PWM,CA NWP,BAK511,Green Line,,,,,E,22G1,20.0,CARRIER,PURCHASE_AGREEMENT,1
2025,12,US PWM,IS REY,BAK511,Green Line,,,,,F,22G1,20.0,CARRIER,LONG,1
2025,12,US PWM,IS REY,BAK511,Green Line,,,,,E,4EG1,40.0,CARRIER,LONG,1
2025,13,DE BRV,IS REY,TUK511,Red Line,,,,,F,22G1,20.0,CARRIER,CABOTAGE,3
2025,13,DE BRV,IS REY,TUK511,Red Line,,,,,F,45P3,40.0,CARRIER,LONG,1
2025,13,DE BRV,IS REY,TUK511,Red Line,,,,,F,45P3,40.0,CARRIER,LONG,1
2025,13,DE BRV,IS REY,TUK511,Red Line,,,,,F,22G1,20.0,CARRIER,LONG,1
2025,13,DE BRV,IS REY,TUK511,Red Line,,,,,F,42P3,40.0,LEASED,MASTER,1
2025,13,DE BRV,SE HEL,TUK511,Red Line,,,,,E,45R1,40.0,CARRIER,LONG,1
2025,13,DK AAR,FO THO,LAG512,Yellow Line,,,,,E,45G1,40.0,LEASED,ONEWAY,1
2025,13,DK AAR,FO THO,LAG512,Yellow Line,,,,,F,22G1,20.0,CARRIER,PURCHASE_AGREEMENT,1
2025,13,DK AAR,FO THO,LAG512,Yellow Line,,,,,F,22B0,20.0,CARRIER,PURCHASE_AGREEMENT,1
2025,13,DK AAR,FO THO,LAG512,Yellow Line,,,,,F,45P3,40.0,CARRIER,PURCHASE_AGREEMENT,1
2025,13,DK AAR,FO THO,LAG512,Yellow Line,,,,,F,45R1,40.0,LEASED,ONEWAY,1
2025,13,DK AAR,IS REY,TUK511,Red Line,,,,,F,4EG1,40.0,CARRIER,PURCHASE_AGREEMENT,1
2025,13,DK AAR,IS REY,TUK511,Red Line,,,,,F,45U1,40.0,CARRIER,PURCHASE_AGREEMENT,1
2025,13,DK AAR,IS REY,TUK511,Red Line,,,,,F,45P3,40.0,CARRIER,PURCHASE_AGREEMENT,1
2025,13,DK AAR,IS REY,LAG512,Yellow Line,,,,,F,4EG1,40.0,CARRIER,LONG,1
2025,13,DK AAR,IS REY,TUK511,Red Line,,,,,F,4EG1,40.0,CARRIER,LONG,1
2025,13,DK AAR,IS REY,TUK511,Red Line,,,,,F,42P3,40.0,CARRIER,LONG,1
2025,13,DK AAR,IS REY,TUK511,Red Line,,,,,F,22G1,20.0,CARRIER,LONG,1
2025,13,DK AAR,IS REY,TUK511,Red Line,,,,,F,45G1,40.0,LEASED,MASTER,1
2025,13,DK AAR,IS REY,LAG512,Yellow Line,,,,,F,42G1,40.0,LEASED,ONEWAY,1
2025,13,DK AAR,IS REY,TUK511,Red Line,,,,,F,45R1,40.0,LEASED,ONEWAY,1
2025,13,FO THO,DE BRV,BRU512,Red Line,,,,,E,45G1,40.0,CARRIER,CABOTAGE,1
2025,13,FO THO,DE BRV,BRU512,Red Line,,,,,F,45R1,40.0,CARRIER,PURCHASE_AGREEMENT,1
2025,13,FO THO,DK AAR,BRU512,Red Line,,,,,E,22G1,20.0,CARRIER,CABOTAGE,1
2025,13,FO THO,DK AAR,BRU512,Red Line,,,,,E,45G1,40.0,LEASED,ONEWAY,4
2025,13,FO THO,DK AAR,BRU512,Red Line,,,,,E,22G1,20.0,LEASED,ONEWAY,1
2025,13,FO THO,DK AAR,BRU512,Red Line,,,,,F,45G1,40.0,CARRIER,PURCHASE_AGREEMENT,3
2025,13,FO THO,DK AAR,BRU512,Red Line,,,,,F,45G1,40.0,CARRIER,CABOTAGE,1
2025,13,FO THO,DK AAR,BRU512,Red Line,,,,,F,45G1,40.0,LEASED,ONEWAY,2
2025,13,FO THO,DK AAR,BRU512,Red Line,,,,,E,45G1,40.0,CARRIER,LONG,7
2025,13,FO THO,DK AAR,BRU512,Red Line,,,,,E,4EG1,40.0,CARRIER,LONG,2
2025,13,FO THO,DK AAR,BRU512,Red Line,,,,,F,45R1,40.0,LEASED,ONEWAY,1
2025,13,FO THO,DK AAR,BRU512,Red Line,,,,,E,42P3,40.0,CARRIER,PURCHASE_AGREEMENT,1
2025,13,FO THO,GB IMM,SKO513,Yellow Line,,,,,F,45R1,40.0,LEASED,ONEWAY,1
2025,13,FO THO,IS REY,LAG512,Yellow Line,,,,,E,45R1,40.0,LEASED,ONEWAY,1
2025,13,FO THO,IS REY,LAG512,Yellow Line,IS REY,IS RFJ,DET513,Red Line,F,45R1,40.0,CARRIER,PURCHASE_AGREEMENT,1
2025,13,FO THO,IS REY,LAG512,Yellow Line,,,,,E,45R1,40.0,CARRIER,PURCHASE_AGREEMENT,1
2025,13,FO THO,SE HEL,BRU512,Red Line,,,,,E,42P3,40.0,CARRIER,LONG,1
2025,13,GB IMM,FO THO,LAG512,Yellow Line,,,,,F,45G1,40.0,CARRIER,PURCHASE_AGREEMENT,1
2025,13,GB IMM,FO THO,LAG512,Yellow Line,,,,,F,45R1,40.0,CARRIER,LONG,2
2025,13,GB IMM,FO THO,LAG512,Yellow Line,,,,,E,LNRB,45.0,CARRIER,PURCHASE_AGREEMENT,2
2025,13,GB IMM,IS REY,LAG512,Yellow Line,,,,,F,22H5,20.0,CARRIER,PURCHASE_AGREEMENT,1
2025,13,GB IMM,IS REY,LAG512,Yellow Line,,,,,E,22R1,20.0,LEASED,PURCHASE,1
2025,13,GB IMM,NO FRK,LAG512,Yellow Line,,,,,E,45R1,40.0,LEASED,ONEWAY,1
2025,13,IS GRT,IS REY,JOR513,Blue Line,,,,,E,22GB,20.0,CARRIER,PURCHASE_AGREEMENT,1
2025,13,IS GRT,NL RTM,JOR513,Blue Line,,,,,F,45P3,40.0,CARRIER,PURCHASE_AGREEMENT,5
2025,13,IS GRT,NL RTM,JOR513,Blue Line,,,,,F,22GB,20.0,CARRIER,CABOTAGE,1
2025,13,IS REY,DK AAR,DET513,Red Line,,,,,F,45G1,40.0,LEASED,ONEWAY,2
2025,13,IS REY,CA HAL,AVA513,Green Line,,,,,F,45G1,40.0,CARRIER,PURCHASE_AGREEMENT,1
2025,13,IS REY,CA HAL,AVA513,Green Line,,,,,F,45R1,40.0,CARRIER,PURCHASE_AGREEMENT,5
2025,13,IS REY,DE BRV,BRU512,Red Line,,,,,F,22G1,20.0,LEASED,ONEWAY,1
2025,13,IS REY,DK AAR,BRU512,Red Line,,,,,E,22G1,20.0,LEASED,ONEWAY,1
2025,13,IS REY,DK AAR,BRU512,Red Line,,,,,E,45G1,40.0,LEASED,ONEWAY,1
2025,13,IS REY,DK AAR,BRU512,Red Line,,,,,E,42G1,40.0,LEASED,ONEWAY,3
2025,13,IS REY,DK AAR,BRU512,Red Line,,,,,F,45G1,40.0,CARRIER,PURCHASE_AGREEMENT,1
2025,13,IS REY,DK AAR,BRU512,Red Line,,,,,F,45R1,40.0,CARRIER,LONG,2
2025,13,IS REY,DK AAR,BRU512,Red Line,,,,,F,45R1,40.0,LEASED,ONEWAY,3
2025,13,IS REY,DK AAR,BRU512,Red Line,,,,,E,45G1,40.0,CARRIER,PURCHASE_AGREEMENT,3
2025,13,IS REY,DK AAR,BRU512,Red Line,,,,,E,45G1,40.0,LEASED,MASTER,1
2025,13,IS REY,DK AAR,BRU512,Red Line,,,,,E,22G1,20.0,LEASED,MASTER,1
2025,13,IS REY,FO THO,SKO513,Yellow Line,,,,,F,45R1,40.0,CARRIER,LONG,1
2025,13,IS REY,FO THO,SKO513,Yellow Line,,,,,E,42U1,40.0,CARRIER,LONG,4
2025,13,IS REY,GB IMM,SKO513,Yellow Line,,,,,F,LNRB,45.0,CARRIER,LONG,1
2025,13,IS REY,GB TEE,JOR513,Blue Line,,,,,E,45G1,40.0,CARRIER,LONG,2
2025,13,IS REY,GB TEE,JOR513,Blue Line,,,,,E,22G1,20.0,CARRIER,LONG,5
2025,13,IS REY,IS RFJ,BRU512,Red Line,,,,,E,45R1,40.0,LEASED,ONEWAY,1
2025,13,IS REY,IS RFJ,BRU512,Red Line,,,,,E,42U1,40.0,CARRIER,LONG,1
2025,13,IS REY,IS RFJ,BRU512,Red Line,,,,,E,45R1,40.0,CARRIER,LONG,2
2025,13,IS REY,IS VES,SKO513,Yellow Line,,,,,E,45G1,40.0,LEASED,ONEWAY,1
2025,13,IS REY,IS VES,SKO513,Yellow Line,,,,,E,45R1,40.0,LEASED,ONEWAY,1
2025,13,IS REY,IS VES,SKO513,Yellow Line,,,,,F,45RB,40.0,CARRIER,PURCHASE_AGREEMENT,2
2025,13,IS REY,IS VES,SKO513,Yellow Line,,,,,E,45R1,40.0,CARRIER,PURCHASE_AGREEMENT,1
2025,13,IS REY,NL RTM,JOR513,Blue Line,,,,,E,22G1,20.0,CARRIER,CABOTAGE,3
2025,13,IS REY,NL RTM,JOR513,Blue Line,,,,,E,22G1,20.0,LEASED,ONEWAY,1
2025,13,IS REY,NL RTM,JOR513,Blue Line,,,,,F,22G1,20.0,LEASED,MASTER,1
2025,13,IS REY,NL RTM,JOR513,Blue Line,,,,,F,42U1,40.0,LEASED,ONEWAY,1
2025,13,IS REY,NL RTM,JOR513,Blue Line,,,,,F,22K0,20.0,SHIPPER,,3
2025,13,IS REY,NL RTM,JOR513,Blue Line,,,,,E,42U1,40.0,CARRIER,LONG,3
2025,13,IS REY,NL RTM,JOR513,Blue Line,,,,,E,4EG1,40.0,CARRIER,PURCHASE_AGREEMENT,1
2025,13,IS REY,PL SWI,SKO513,Yellow Line,,,,,F,45R1,40.0,CARRIER,PURCHASE_AGREEMENT,1
2025,13,IS REY,PL SWI,SKO513,Yellow Line,,,,,E,4EG1,40.0,CARRIER,PURCHASE_AGREEMENT,1
2025,13,IS REY,SE HEL,BRU512,Red Line,,,,,F,45R1,40.0,CARRIER,PURCHASE_AGREEMENT,1
2025,13,IS REY,SE HEL,BRU512,Red Line,,,,,F,45G1,40.0,LEASED,PURCHASE,1
2025,13,IS REY,SE HEL,BRU512,Red Line,,,,,E,45R1,40.0,CARRIER,PURCHASE_AGREEMENT,3
2025,13,IS REY,SE HEL,BRU512,Red Line,,,,,E,42G1,40.0,CARRIER,PURCHASE_AGREEMENT,1
2025,13,IS REY,SE HEL,BRU512,Red Line,,,,,E,42G1,40.0,LEASED,MASTER,1
2025,13,IS REY,US PWM,AVA513,Green Line,,,,,F,45G1,40.0,CARRIER,CABOTAGE,1
2025,13,IS REY,US PWM,AVA513,Green Line,,,,,F,22G1,20.0,CARRIER,CABOTAGE,2
2025,13,IS REY,US PWM,AVA513,Green Line,,,,,F,LNRB,45.0,CARRIER,PURCHASE_AGREEMENT,1
2025,13,IS REY,US PWM,VIV512,Green Line,,,,,F,4EG1,40.0,LEASED,MASTER,1
2025,13,IS REY,US PWM,VIV512,Green Line,,,,,F,45G1,40.0,LEASED,MASTER,1
2025,13,IS RFJ,DK AAR,BRU512,Red Line,,,,,F,42U1,40.0,CARRIER,LONG,1
2025,13,IS RFJ,FO THO,BRU512,Red Line,FO THO,IS REY,LAG512,Yellow Line,F,45G1,40.0,CARRIER,LONG,1
2025,13,IS RFJ,FO THO,BRU512,Red Line,FO THO,IS REY,LAG512,Yellow Line,F,45R1,40.0,CARRIER,PURCHASE_AGREEMENT,1
2025,13,IS RFJ,FO THO,BRU512,Red Line,FO THO,IS REY,LAG512,Yellow Line,F,45R1,40.0,CARRIER,LONG,1
2025,13,IS VES,DK AAR,SKO513,Yellow Line,,,,,E,22G1,20.0,LEASED,MASTER,1
2025,13,IS VES,GB IMM,SKO513,Yellow Line,,,,,F,45RB,40.0,CARRIER,PURCHASE_AGREEMENT,1
2025,13,NL RTM,GB TEE,VED512,Blue Line,,,,,E,45G1,40.0,CARRIER,LONG,1
2025,13,NL RTM,IS GRT,VED512,Blue Line,,,,,F,22GB,20.0,CARRIER,PURCHASE_AGREEMENT,1
2025,13,NL RTM,IS GRT,VED512,Blue Line,,,,,F,22G1,20.0,CARRIER,PURCHASE_AGREEMENT,28
2025,13,NL RTM,IS GRT,VED512,Blue Line,,,,,F,42U1,40.0,CARRIER,PURCHASE_AGREEMENT,1
2025,13,NL RTM,IS GRT,VED512,Blue Line,,,,,E,42P3,40.0,CARRIER,LONG,2
2025,13,NL RTM,IS GRT,VED512,Blue Line,,,,,E,22G1,20.0,CARRIER,PURCHASE_AGREEMENT,9
2025,13,NL RTM,IS GRT,VED512,Blue Line,,,,,E,22GB,20.0,LEASED,MASTER,1
2025,13,NL RTM,IS REY,VED512,Blue Line,,,,,F,45G1,40.0,CARRIER,PURCHASE_AGREEMENT,5
2025,13,NL RTM,IS REY,VED512,Blue Line,,,,,F,4EG1,40.0,CARRIER,LONG,1
2025,13,NL RTM,IS REY,VED512,Blue Line,,,,,F,45G1,40.0,CARRIER,LONG,1
2025,13,NL RTM,IS REY,VED512,Blue Line,,,,,F,45R1,40.0,CARRIER,PURCHASE_AGREEMENT,5
2025,13,NL RTM,IS REY,VED512,Blue Line,,,,,F,22G1,20.0,LEASED,MASTER,1
2025,13,NL RTM,IS REY,VED512,Blue Line,,,,,F,EMKD,26.0,SHIPPER,,1
2025,13,NL RTM,IS REY,VED512,Blue Line,,,,,E,22K0,20.0,SHIPPER,,1
2025,13,NO FRK,FO THO,LAG512,Yellow Line,,,,,F,45P3,40.0,CARRIER,LONG,1
2025,13,NO FRK,FO THO,LAG512,Yellow Line,,,,,F,45R1,40.0,CARRIER,LONG,1
2025,13,NO FRK,IS REY,LAG512,Yellow Line,,,,,E,42P3,40.0,CARRIER,CABOTAGE,1
2025,13,NO FRK,IS REY,LAG512,Yellow Line,,,,,F,45G1,40.0,CARRIER,PURCHASE_AGREEMENT,1
2025,13,NO FRK,IS REY,LAG512,Yellow Line,,,,,F,45G1,40.0,CARRIER,CABOTAGE,2
2025,13,NO FRK,IS REY,LAG512,Yellow Line,,,,,F,45G1,40.0,CARRIER,CABOTAGE,1
2025,13,SE HEL,DK AAR,TUK511,Red Line,DK AAR,FO THO,LAG512,Yellow Line,F,45G1,40.0,CARRIER,LONG,1
2025,13,SE HEL,DK AAR,TUK511,Red Line,,,,,F,45G1,40.0,LEASED,ONEWAY,1
2025,13,SE HEL,IS REY,TUK511,Red Line,,,,,F,42G1,40.0,CARRIER,PURCHASE_AGREEMENT,2
2025,13,SE HEL,IS REY,TUK511,Red Line,,,,,F,45G1,40.0,CARRIER,PURCHASE_AGREEMENT,1
2025,13,SE HEL,IS REY,TUK511,Red Line,,,,,F,22G1,20.0,CARRIER,LONG,1
2025,13,SE HEL,IS REY,TUK511,Red Line,IS REY,IS GRT,JOR513,Blue Line,F,45G1,40.0,CARRIER,LONG,1
2025,13,SE HEL,IS REY,TUK511,Red Line,,,,,F,22G1,20.0,CARRIER,LONG,5
2025,13,SE HEL,IS REY,TUK511,Red Line,,,,,F,45RB,40.0,CARRIER,PURCHASE_AGREEMENT,1
2025,13,SE HEL,IS REY,TUK511,Red Line,,,,,F,45R1,40.0,CARRIER,LONG,7
2025,13,SE HEL,IS REY,TUK511,Red Line,,,,,F,45G1,40.0,LEASED,MASTER,1
